latitude,longitude,rainfall_mm_hr,reliability_flag
17.55,80.05,0.0,0
17.65,80.05,0.0,0
17.75,80.05,0.0,0
17.85,80.05,0.0,0
17.95,80.05,0.0,0
18.05,80.05,0.0,0
18.15,80.05,0.0,0
18.25,80.05,0.0,0
18.35,80.05,0.0,0
18.45,80.05,0.0,0
18.55,80.05,0.0,0
18.65,80.05,0.3055844,0
18.75,80.05,0.36378843,0
18.85,80.05,0.5034881,0
18.95,80.05,0.546503,0
19.05,80.05,0.0,0
19.15,80.05,0.0,0
19.25,80.05,0.85423136,0
19.35,80.05,1.6556647,0
19.45,80.05,3.3209555,0
19.55,80.05,5.5036235,0
19.65,80.05,5.2871313,0
19.75,80.05,4.887828,0
19.85,80.05,3.3678653,0
19.95,80.05,2.4031081,0
20.05,80.05,1.1024159,0
20.15,80.05,0.49221492,0
20.25,80.05,0.45950335,0
20.35,80.05,0.0,0
20.45,80.05,0.0,0
20.55,80.05,0.0,0
20.65,80.05,0.1401899,0
20.75,80.05,0.13950527,0
20.85,80.05,0.09717082,0
20.95,80.05,0.09621472,0
21.05,80.05,0.10788522,0
21.15,80.05,0.13868324,0
21.25,80.05,0.25816727,0
21.35,80.05,0.8753128,0
21.45,80.05,0.0,0
21.55,80.05,0.0,0
21.65,80.05,0.0,0
21.75,80.05,0.0,0
21.85,80.05,0.0,0
21.95,80.05,0.0,0
22.05,80.05,0.0,0
22.15,80.05,0.0,0
22.25,80.05,0.0,0
22.35,80.05,0.0,0
22.45,80.05,0.0,0
22.55,80.05,0.0,0
22.65,80.05,0.0,0
22.75,80.05,0.25659037,0
17.55,80.15,0.0,0
17.65,80.15,0.0,0
17.75,80.15,0.0,0
17.85,80.15,0.0,0
17.95,80.15,0.0,0
18.05,80.15,0.0,0
18.15,80.15,0.0,0
18.25,80.15,0.0,0
18.35,80.15,0.0,0
18.45,80.15,0.0,0
18.55,80.15,0.0,0
18.65,80.15,0.0,0
18.75,80.15,0.0,0
18.85,80.15,0.6260284,0
18.95,80.15,0.7082839,0
19.05,80.15,0.0,0
19.15,80.15,0.0,0
19.25,80.15,0.0,0
19.35,80.15,1.7898848,0
19.45,80.15,4.5385895,0
19.55,80.15,5.739501,0
19.65,80.15,5.689552,0
19.75,80.15,4.8340898,0
19.85,80.15,2.9242563,0
19.95,80.15,1.6236869,0
20.05,80.15,0.9949437,0
20.15,80.15,0.5857833,0
20.25,80.15,0.43125585,0
20.35,80.15,0.0,0
20.45,80.15,0.3424362,0
20.55,80.15,0.3992792,0
20.65,80.15,1.2802395,0
20.75,80.15,1.4408048,0
20.85,80.15,0.093876,0
20.95,80.15,0.083861046,0
21.05,80.15,0.10693221,0
21.15,80.15,0.91154844,0
21.25,80.15,1.8907549,0
21.35,80.15,0.0,0
21.45,80.15,0.0,0
21.55,80.15,0.0,0
21.65,80.15,0.0,0
21.75,80.15,0.0,0
21.85,80.15,0.0,0
21.95,80.15,0.0,0
22.05,80.15,0.0,0
22.15,80.15,0.0,0
22.25,80.15,0.0,0
22.35,80.15,0.0,0
22.45,80.15,0.0,0
22.55,80.15,0.0,0
22.65,80.15,0.0,0
22.75,80.15,0.0,0
17.55,80.25,0.0,0
17.65,80.25,0.0,0
17.75,80.25,0.0,0
17.85,80.25,0.0,0
17.95,80.25,0.0,0
18.05,80.25,0.0,0
18.15,80.25,0.0,0
18.25,80.25,0.0,0
18.35,80.25,0.0,0
18.45,80.25,0.0,0
18.55,80.25,0.0,0
18.65,80.25,0.0,0
18.75,80.25,0.0,0
18.85,80.25,0.0,0
18.95,80.25,0.0,0
19.05,80.25,0.0,0
19.15,80.25,1.6706654,0
19.25,80.25,1.6168503,0
19.35,80.25,2.5250022,0
19.45,80.25,4.750572,0
19.55,80.25,5.427984,0
19.65,80.25,5.063797,0
19.75,80.25,4.2000523,0
19.85,80.25,2.1470766,0
19.95,80.25,0.30983984,0
20.05,80.25,0.17479767,0
20.15,80.25,0.0,0
20.25,80.25,0.0,0
20.35,80.25,0.14785726,0
20.45,80.25,0.0877549,0
20.55,80.25,0.38857117,0
20.65,80.25,1.2405508,0
20.75,80.25,1.7616196,0
20.85,80.25,0.44056267,0
20.95,80.25,0.0744128,0
21.05,80.25,0.109114274,0
21.15,80.25,0.97569156,0
21.25,80.25,2.1205153,0
21.35,80.25,0.0,0
21.45,80.25,0.0,0
21.55,80.25,0.0,0
21.65,80.25,0.0,0
21.75,80.25,0.0,0
21.85,80.25,0.0,0
21.95,80.25,0.0,0
22.05,80.25,0.0,0
22.15,80.25,0.0,0
22.25,80.25,0.0,0
22.35,80.25,0.0,0
22.45,80.25,0.0,0
22.55,80.25,0.0,0
22.65,80.25,0.0,0
22.75,80.25,0.0,0
17.55,80.35,0.0,0
17.65,80.35,0.0,0
17.75,80.35,0.0,0
17.85,80.35,0.0,0
17.95,80.35,0.0,0
18.05,80.35,0.0,0
18.15,80.35,0.0,0
18.25,80.35,0.0,0
18.35,80.35,0.0,0
18.45,80.35,0.0,0
18.55,80.35,0.0,0
18.65,80.35,0.0,0
18.75,80.35,0.0,0
18.85,80.35,0.0,0
18.95,80.35,0.0,0
19.05,80.35,0.0,0
19.15,80.35,2.9606223,0
19.25,80.35,3.685952,0
19.35,80.35,4.316168,0
19.45,80.35,3.9366329,0
19.55,80.35,5.073186,0
19.65,80.35,4.415024,0
19.75,80.35,3.611597,0
19.85,80.35,1.5849384,0
19.95,80.35,0.8237903,0
20.05,80.35,0.1323484,0
20.15,80.35,0.0,0
20.25,80.35,0.098126486,0
20.35,80.35,0.13601899,0
20.45,80.35,0.6785036,0
20.55,80.35,0.509946,0
20.65,80.35,0.80438423,0
20.75,80.35,1.7087599,0
20.85,80.35,0.59498394,0
20.95,80.35,0.09537123,0
21.05,80.35,0.12233264,0
21.15,80.35,0.17791365,0
21.25,80.35,0.0,0
21.35,80.35,0.0,0
21.45,80.35,0.0,0
21.55,80.35,0.0,0
21.65,80.35,0.0,0
21.75,80.35,0.0,0
21.85,80.35,0.0,0
21.95,80.35,0.0,0
22.05,80.35,0.0,0
22.15,80.35,0.0,0
22.25,80.35,0.0,0
22.35,80.35,0.0,0
22.45,80.35,0.0,0
22.55,80.35,0.0,0
22.65,80.35,0.0,0
22.75,80.35,0.0,0
17.55,80.45,0.0,0
17.65,80.45,0.0,0
17.75,80.45,0.0,0
17.85,80.45,0.0,0
17.95,80.45,0.0,0
18.05,80.45,0.0,0
18.15,80.45,0.0,0
18.25,80.45,0.0,0
18.35,80.45,0.0,0
18.45,80.45,0.0,0
18.55,80.45,0.0,0
18.65,80.45,0.0,0
18.75,80.45,0.0,0
18.85,80.45,0.0,0
18.95,80.45,0.0,0
19.05,80.45,2.6757557,0
19.15,80.45,4.3866916,0
19.25,80.45,4.9410505,0
19.35,80.45,4.8309436,0
19.45,80.45,4.71274,0
19.55,80.45,4.163096,0
19.65,80.45,3.8241723,0
19.75,80.45,2.6749265,0
19.85,80.45,1.3277993,0
19.95,80.45,0.7534263,0
20.05,80.45,0.14713433,0
20.15,80.45,0.0,0
20.25,80.45,0.08101081,0
20.35,80.45,0.08294104,0
20.45,80.45,0.6351954,0
20.55,80.45,0.8938114,0
20.65,80.45,1.0967121,0
20.75,80.45,1.917648,0
20.85,80.45,0.1966124,0
20.95,80.45,0.1378712,0
21.05,80.45,0.13660258,0
21.15,80.45,0.1310031,0
21.25,80.45,0.0,0
21.35,80.45,0.0,0
21.45,80.45,0.0,0
21.55,80.45,0.0,0
21.65,80.45,0.0,0
21.75,80.45,0.0,0
21.85,80.45,0.0,0
21.95,80.45,0.0,0
22.05,80.45,0.0,0
22.15,80.45,0.0,0
22.25,80.45,0.0,0
22.35,80.45,0.0,0
22.45,80.45,0.0,0
22.55,80.45,0.0,0
22.65,80.45,0.0,0
22.75,80.45,0.0,0
17.55,80.55,0.0,0
17.65,80.55,0.0,0
17.75,80.55,0.0,0
17.85,80.55,0.0,0
17.95,80.55,0.0,0
18.05,80.55,0.0,0
18.15,80.55,0.0,0
18.25,80.55,0.0,0
18.35,80.55,0.0,0
18.45,80.55,0.0,0
18.55,80.55,0.0,0
18.65,80.55,0.0,0
18.75,80.55,0.0,0
18.85,80.55,0.0,0
18.95,80.55,1.7412809,0
19.05,80.55,2.6420112,0
19.15,80.55,3.9190807,0
19.25,80.55,4.800321,0
19.35,80.55,5.3164363,0
19.45,80.55,5.232085,0
19.55,80.55,3.7182143,0
19.65,80.55,3.0218463,0
19.75,80.55,2.1494427,0
19.85,80.55,1.4939835,0
19.95,80.55,0.77961373,0
20.05,80.55,0.0,0
20.15,80.55,0.0,0
20.25,80.55,0.13991323,0
20.35,80.55,0.6571013,0
20.45,80.55,0.778505,0
20.55,80.55,1.4704211,0
20.65,80.55,2.1195335,0
20.75,80.55,1.8704622,0
20.85,80.55,0.20082726,0
20.95,80.55,0.13492003,0
21.05,80.55,0.21551146,0
21.15,80.55,0.16196524,0
21.25,80.55,0.0,0
21.35,80.55,0.0,0
21.45,80.55,0.0,0
21.55,80.55,0.0,0
21.65,80.55,0.0,0
21.75,80.55,0.0,0
21.85,80.55,0.0,0
21.95,80.55,0.0,0
22.05,80.55,0.0,0
22.15,80.55,0.0,0
22.25,80.55,0.0,0
22.35,80.55,0.0,0
22.45,80.55,0.0,0
22.55,80.55,0.0,0
22.65,80.55,0.0,0
22.75,80.55,0.0,0
17.55,80.65,0.0,0
17.65,80.65,0.0,0
17.75,80.65,0.0,0
17.85,80.65,0.0,0
17.95,80.65,0.0,0
18.05,80.65,0.0,0
18.15,80.65,0.0,0
18.25,80.65,0.0,0
18.35,80.65,0.0,0
18.45,80.65,0.0,0
18.55,80.65,0.0,0
18.65,80.65,0.0,0
18.75,80.65,0.0,0
18.85,80.65,0.0,0
18.95,80.65,0.0,0
19.05,80.65,2.1116662,0
19.15,80.65,3.3537903,0
19.25,80.65,3.9821677,0
19.35,80.65,4.8807325,0
19.45,80.65,5.1209054,0
19.55,80.65,3.8497424,0
19.65,80.65,2.666567,0
19.75,80.65,1.6074908,0
19.85,80.65,1.028306,0
19.95,80.65,0.0,0
20.05,80.65,0.0,0
20.15,80.65,0.0,0
20.25,80.65,0.17833787,0
20.35,80.65,0.88959587,0
20.45,80.65,0.65873045,0
20.55,80.65,1.1845132,0
20.65,80.65,2.126092,0
20.75,80.65,2.1355436,0
20.85,80.65,1.31718,0
20.95,80.65,0.1730494,0
21.05,80.65,0.24484943,0
21.15,80.65,0.21355593,0
21.25,80.65,0.0,0
21.35,80.65,0.0,0
21.45,80.65,0.0,0
21.55,80.65,0.0,0
21.65,80.65,0.0,0
21.75,80.65,0.0,0
21.85,80.65,0.0,0
21.95,80.65,0.0,0
22.05,80.65,0.0,0
22.15,80.65,0.0,0
22.25,80.65,0.0,0
22.35,80.65,0.0,0
22.45,80.65,0.0,0
22.55,80.65,0.0,0
22.65,80.65,0.0,0
22.75,80.65,0.0,0
17.55,80.75,0.0,0
17.65,80.75,0.0,0
17.75,80.75,0.0,0
17.85,80.75,0.0,0
17.95,80.75,0.0,0
18.05,80.75,0.0,0
18.15,80.75,0.0,0
18.25,80.75,0.0,0
18.35,80.75,0.0,0
18.45,80.75,0.0,0
18.55,80.75,0.0,0
18.65,80.75,0.0,0
18.75,80.75,0.0,0
18.85,80.75,0.0,0
18.95,80.75,0.0,0
19.05,80.75,1.5227635,0
19.15,80.75,1.9964607,0
19.25,80.75,2.539964,0
19.35,80.75,3.7207277,0
19.45,80.75,3.922044,0
19.55,80.75,3.5451872,0
19.65,80.75,1.7428974,0
19.75,80.75,1.0131012,0
19.85,80.75,0.81387883,0
19.95,80.75,0.0,0
20.05,80.75,0.0,0
20.15,80.75,0.0,0
20.25,80.75,0.0,0
20.35,80.75,0.08640138,0
20.45,80.75,0.34483966,0
20.55,80.75,0.6724209,0
20.65,80.75,1.4527148,0
20.75,80.75,1.6728203,0
20.85,80.75,0.3688189,0
20.95,80.75,0.30114236,0
21.05,80.75,0.22141767,0
21.15,80.75,0.0,0
21.25,80.75,0.0,0
21.35,80.75,0.0,0
21.45,80.75,0.0,0
21.55,80.75,0.0,0
21.65,80.75,0.0,0
21.75,80.75,0.0,0
21.85,80.75,0.0,0
21.95,80.75,0.0,0
22.05,80.75,0.0,0
22.15,80.75,0.0,0
22.25,80.75,0.0,0
22.35,80.75,0.0,0
22.45,80.75,0.0,0
22.55,80.75,0.0,0
22.65,80.75,0.0,0
22.75,80.75,0.0,0
17.55,80.85,0.0,0
17.65,80.85,0.0,0
17.75,80.85,0.0,0
17.85,80.85,0.0,0
17.95,80.85,0.0,0
18.05,80.85,0.0,0
18.15,80.85,0.0,0
18.25,80.85,0.0,0
18.35,80.85,0.0,0
18.45,80.85,0.0,0
18.55,80.85,0.0,0
18.65,80.85,0.0,0
18.75,80.85,0.0,0
18.85,80.85,0.0,0
18.95,80.85,0.0,0
19.05,80.85,0.0,0
19.15,80.85,1.1745095,0
19.25,80.85,1.4541993,0
19.35,80.85,2.3764489,0
19.45,80.85,2.8394277,0
19.55,80.85,2.8025296,0
19.65,80.85,1.3849332,0
19.75,80.85,0.6020778,0
19.85,80.85,0.52603686,0
19.95,80.85,0.0,0
20.05,80.85,0.0,0
20.15,80.85,0.0,0
20.25,80.85,0.0,0
20.35,80.85,0.0,0
20.45,80.85,0.30010256,0
20.55,80.85,0.3512906,0
20.65,80.85,0.6207224,0
20.75,80.85,0.1906684,0
20.85,80.85,0.28349173,0
20.95,80.85,0.31573194,0
21.05,80.85,0.24628867,0
21.15,80.85,0.0,0
21.25,80.85,0.0,0
21.35,80.85,0.0,0
21.45,80.85,0.0,0
21.55,80.85,0.0,0
21.65,80.85,0.0,0
21.75,80.85,0.0,0
21.85,80.85,0.0,0
21.95,80.85,0.0,0
22.05,80.85,0.0,0
22.15,80.85,0.0,0
22.25,80.85,0.0,0
22.35,80.85,0.0,0
22.45,80.85,0.0,0
22.55,80.85,0.0,0
22.65,80.85,0.0,0
22.75,80.85,0.0,0
17.55,80.95,0.0,0
17.65,80.95,0.0,0
17.75,80.95,0.0,0
17.85,80.95,0.0,0
17.95,80.95,0.0,0
18.05,80.95,0.0,0
18.15,80.95,0.0,0
18.25,80.95,0.0,0
18.35,80.95,0.0,0
18.45,80.95,0.0,0
18.55,80.95,0.0,0
18.65,80.95,0.0,0
18.75,80.95,0.0,0
18.85,80.95,0.0,0
18.95,80.95,0.0,0
19.05,80.95,0.0,0
19.15,80.95,0.0,0
19.25,80.95,0.0,0
19.35,80.95,0.9088362,0
19.45,80.95,1.2133497,0
19.55,80.95,1.3020307,0
19.65,80.95,1.0091115,0
19.75,80.95,0.5777029,0
19.85,80.95,0.6289826,0
19.95,80.95,0.0,0
20.05,80.95,0.0,0
20.15,80.95,0.0,0
20.25,80.95,0.0,0
20.35,80.95,0.0,0
20.45,80.95,0.32083675,0
20.55,80.95,0.2976907,0
20.65,80.95,0.27452123,0
20.75,80.95,0.0,0
20.85,80.95,0.0,0
20.95,80.95,0.12153356,0
21.05,80.95,0.0,0
21.15,80.95,0.0,0
21.25,80.95,0.0,0
21.35,80.95,0.0,0
21.45,80.95,0.0,0
21.55,80.95,0.0,0
21.65,80.95,0.0,0
21.75,80.95,0.0,0
21.85,80.95,0.0,0
21.95,80.95,0.0,0
22.05,80.95,0.0,0
22.15,80.95,0.0,0
22.25,80.95,0.0,0
22.35,80.95,0.0,0
22.45,80.95,0.0,0
22.55,80.95,0.0,0
22.65,80.95,0.0,0
22.75,80.95,0.0,0
17.55,81.05,0.0,0
17.65,81.05,0.0,0
17.75,81.05,0.0,0
17.85,81.05,0.0,0
17.95,81.05,0.0,0
18.05,81.05,0.0,0
18.15,81.05,0.0,0
18.25,81.05,0.0,0
18.35,81.05,0.0,0
18.45,81.05,0.0,0
18.55,81.05,0.0,0
18.65,81.05,0.0,0
18.75,81.05,0.0,0
18.85,81.05,0.0,0
18.95,81.05,0.0,0
19.05,81.05,0.0,0
19.15,81.05,0.0,0
19.25,81.05,0.0,0
19.35,81.05,0.6124685,0
19.45,81.05,0.64201546,0
19.55,81.05,0.845468,0
19.65,81.05,0.78125715,0
19.75,81.05,0.6677948,0
19.85,81.05,0.6404408,0
19.95,81.05,0.0,0
20.05,81.05,0.0,0
20.15,81.05,0.0,0
20.25,81.05,0.0,0
20.35,81.05,0.0,0
20.45,81.05,0.0,0
20.55,81.05,0.0,0
20.65,81.05,0.0,0
20.75,81.05,0.0,0
20.85,81.05,0.0,0
20.95,81.05,0.0,0
21.05,81.05,0.0,0
21.15,81.05,0.0,0
21.25,81.05,0.0,0
21.35,81.05,0.0,0
21.45,81.05,0.0,0
21.55,81.05,0.0,0
21.65,81.05,0.0,0
21.75,81.05,0.0,0
21.85,81.05,0.0,0
21.95,81.05,0.0,0
22.05,81.05,0.0,0
22.15,81.05,0.0,0
22.25,81.05,0.0,0
22.35,81.05,0.0,0
22.45,81.05,0.0,0
22.55,81.05,0.0,0
22.65,81.05,0.0,0
22.75,81.05,0.0,0
17.55,81.15,0.0,0
17.65,81.15,0.0,0
17.75,81.15,0.0,0
17.85,81.15,0.0,0
17.95,81.15,0.0,0
18.05,81.15,0.0,0
18.15,81.15,0.0,0
18.25,81.15,0.0,0
18.35,81.15,0.0,0
18.45,81.15,0.0,0
18.55,81.15,0.0,0
18.65,81.15,0.0,0
18.75,81.15,0.0,0
18.85,81.15,0.0,0
18.95,81.15,0.0,0
19.05,81.15,0.0,0
19.15,81.15,0.0,0
19.25,81.15,0.65196526,0
19.35,81.15,0.6089506,0
19.45,81.15,0.5956273,0
19.55,81.15,0.65118665,0
19.65,81.15,0.8181607,0
19.75,81.15,0.60050476,0
19.85,81.15,0.7098074,0
19.95,81.15,0.7582457,0
20.05,81.15,0.0,0
20.15,81.15,0.0,0
20.25,81.15,0.0,0
20.35,81.15,0.0,0
20.45,81.15,0.0,0
20.55,81.15,0.0,0
20.65,81.15,0.0,0
20.75,81.15,0.0,0
20.85,81.15,0.0,0
20.95,81.15,0.0,0
21.05,81.15,0.0,0
21.15,81.15,0.0,0
21.25,81.15,0.0,0
21.35,81.15,0.0,0
21.45,81.15,0.0,0
21.55,81.15,0.0,0
21.65,81.15,0.0,0
21.75,81.15,0.0,0
21.85,81.15,0.0,0
21.95,81.15,0.0,0
22.05,81.15,0.0,0
22.15,81.15,0.0,0
22.25,81.15,0.0,0
22.35,81.15,0.0,0
22.45,81.15,0.0,0
22.55,81.15,0.0,0
22.65,81.15,0.0,0
22.75,81.15,0.0,0
17.55,81.25,0.0,0
17.65,81.25,0.0,0
17.75,81.25,0.0,0
17.85,81.25,0.0,0
17.95,81.25,0.0,0
18.05,81.25,0.0,0
18.15,81.25,0.0,0
18.25,81.25,0.0,0
18.35,81.25,0.0,0
18.45,81.25,0.0,0
18.55,81.25,0.0,0
18.65,81.25,0.0,0
18.75,81.25,0.0,0
18.85,81.25,0.0,0
18.95,81.25,0.0,0
19.05,81.25,0.0,0
19.15,81.25,0.0,0
19.25,81.25,0.0,0
19.35,81.25,0.0,0
19.45,81.25,0.5930061,0
19.55,81.25,0.7768057,0
19.65,81.25,1.1198933,0
19.75,81.25,0.80558985,0
19.85,81.25,0.617264,0
19.95,81.25,0.0,0
20.05,81.25,0.0,0
20.15,81.25,0.0,0
20.25,81.25,0.0,0
20.35,81.25,0.0,0
20.45,81.25,0.0,0
20.55,81.25,0.0,0
20.65,81.25,0.0,0
20.75,81.25,0.0,0
20.85,81.25,0.0,0
20.95,81.25,0.0,0
21.05,81.25,0.0,0
21.15,81.25,0.0,0
21.25,81.25,0.0,0
21.35,81.25,0.0,0
21.45,81.25,0.0,0
21.55,81.25,0.0,0
21.65,81.25,0.0,0
21.75,81.25,0.0,0
21.85,81.25,0.0,0
21.95,81.25,0.0,0
22.05,81.25,0.0,0
22.15,81.25,0.0,0
22.25,81.25,0.0,0
22.35,81.25,0.0,0
22.45,81.25,0.0,0
22.55,81.25,0.0,0
22.65,81.25,0.0,0
22.75,81.25,0.0,0
17.55,81.35,0.0,0
17.65,81.35,0.0,0
17.75,81.35,0.0,0
17.85,81.35,0.0,0
17.95,81.35,0.0,0
18.05,81.35,0.0,0
18.15,81.35,0.0,0
18.25,81.35,0.0,0
18.35,81.35,0.0,0
18.45,81.35,0.0,0
18.55,81.35,0.0,0
18.65,81.35,0.0,0
18.75,81.35,0.0,0
18.85,81.35,0.0,0
18.95,81.35,0.0,0
19.05,81.35,0.0,0
19.15,81.35,0.72443074,0
19.25,81.35,0.9329127,0
19.35,81.35,1.0117499,0
19.45,81.35,0.9642565,0
19.55,81.35,1.1545675,0
19.65,81.35,1.6346045,0
19.75,81.35,1.1906224,0
19.85,81.35,0.816409,0
19.95,81.35,0.0,0
20.05,81.35,0.0,0
20.15,81.35,0.0,0
20.25,81.35,0.0,0
20.35,81.35,0.0,0
20.45,81.35,0.0,0
20.55,81.35,0.0,0
20.65,81.35,0.0,0
20.75,81.35,0.0,0
20.85,81.35,0.0,0
20.95,81.35,0.0,0
21.05,81.35,0.0,0
21.15,81.35,0.0,0
21.25,81.35,0.0,0
21.35,81.35,0.0,0
21.45,81.35,0.0,0
21.55,81.35,0.0,0
21.65,81.35,0.0,0
21.75,81.35,0.0,0
21.85,81.35,0.0,0
21.95,81.35,0.0,0
22.05,81.35,0.0,0
22.15,81.35,0.0,0
22.25,81.35,0.0,0
22.35,81.35,0.0,0
22.45,81.35,0.0,0
22.55,81.35,0.0,0
22.65,81.35,0.0,0
22.75,81.35,0.0,0
17.55,81.45,0.0,0
17.65,81.45,0.0,0
17.75,81.45,0.0,0
17.85,81.45,0.0,0
17.95,81.45,0.0,0
18.05,81.45,0.0,0
18.15,81.45,0.0,0
18.25,81.45,0.0,0
18.35,81.45,0.0,0
18.45,81.45,0.0,0
18.55,81.45,0.0,0
18.65,81.45,0.0,0
18.75,81.45,0.0,0
18.85,81.45,0.0,0
18.95,81.45,0.0,0
19.05,81.45,0.78927505,0
19.15,81.45,0.88163453,0
19.25,81.45,1.0619017,0
19.35,81.45,1.2120712,0
19.45,81.45,0.0,0
19.55,81.45,1.2169577,0
19.65,81.45,1.7138904,0
19.75,81.45,1.496628,0
19.85,81.45,1.1567172,0
19.95,81.45,0.0,0
20.05,81.45,0.0,0
20.15,81.45,0.0,0
20.25,81.45,0.0,0
20.35,81.45,0.0,0
20.45,81.45,0.0,0
20.55,81.45,0.0,0
20.65,81.45,0.0,0
20.75,81.45,0.0,0
20.85,81.45,0.0,0
20.95,81.45,0.0,0
21.05,81.45,0.0,0
21.15,81.45,0.0,0
21.25,81.45,0.0,0
21.35,81.45,0.0,0
21.45,81.45,0.0,0
21.55,81.45,0.0,0
21.65,81.45,0.0,0
21.75,81.45,0.0,0
21.85,81.45,0.0,0
21.95,81.45,0.0,0
22.05,81.45,0.0,0
22.15,81.45,0.0,0
22.25,81.45,0.0,0
22.35,81.45,0.0,0
22.45,81.45,0.0,0
22.55,81.45,0.0,0
22.65,81.45,0.0,0
22.75,81.45,0.0,0
17.55,81.55,1.3145899,0
17.65,81.55,0.0,0
17.75,81.55,0.0,0
17.85,81.55,0.0,0
17.95,81.55,0.0,0
18.05,81.55,0.0,0
18.15,81.55,0.0,0
18.25,81.55,0.0,0
18.35,81.55,0.0,0
18.45,81.55,0.0,0
18.55,81.55,0.0,0
18.65,81.55,0.0,0
18.75,81.55,0.0,0
18.85,81.55,0.0,0
18.95,81.55,0.0,0
19.05,81.55,0.9066596,0
19.15,81.55,1.1538701,0
19.25,81.55,1.4223022,0
19.35,81.55,1.3370466,0
19.45,81.55,0.0,0
19.55,81.55,1.7597711,0
19.65,81.55,1.8571242,0
19.75,81.55,1.7396276,0
19.85,81.55,0.0,0
19.95,81.55,0.0,0
20.05,81.55,0.0,0
20.15,81.55,0.0,0
20.25,81.55,0.0,0
20.35,81.55,0.0,0
20.45,81.55,0.0,0
20.55,81.55,0.0,0
20.65,81.55,0.0,0
20.75,81.55,0.0,0
20.85,81.55,0.0,0
20.95,81.55,0.0,0
21.05,81.55,0.0,0
21.15,81.55,0.0,0
21.25,81.55,0.0,0
21.35,81.55,0.0,0
21.45,81.55,0.0,0
21.55,81.55,0.0,0
21.65,81.55,0.0,0
21.75,81.55,0.0,0
21.85,81.55,0.0,0
21.95,81.55,0.0,0
22.05,81.55,0.0,0
22.15,81.55,0.0,0
22.25,81.55,0.0,0
22.35,81.55,0.0,0
22.45,81.55,0.0,0
22.55,81.55,0.0,0
22.65,81.55,0.0,0
22.75,81.55,0.0,0
17.55,81.65,1.6300294,0
17.65,81.65,0.0,0
17.75,81.65,0.0,0
17.85,81.65,0.0,0
17.95,81.65,0.0,0
18.05,81.65,0.0,0
18.15,81.65,0.0,0
18.25,81.65,0.0,0
18.35,81.65,0.0,0
18.45,81.65,0.0,0
18.55,81.65,0.0,0
18.65,81.65,0.0,0
18.75,81.65,0.0,0
18.85,81.65,0.0,0
18.95,81.65,0.0,0
19.05,81.65,0.9767306,0
19.15,81.65,1.210051,0
19.25,81.65,1.4036252,0
19.35,81.65,1.3035682,0
19.45,81.65,1.6115172,0
19.55,81.65,2.4766026,0
19.65,81.65,2.477045,0
19.75,81.65,1.917869,0
19.85,81.65,1.197652,0
19.95,81.65,0.0,0
20.05,81.65,0.0,0
20.15,81.65,0.0,0
20.25,81.65,0.0,0
20.35,81.65,0.0,0
20.45,81.65,0.0,0
20.55,81.65,0.0,0
20.65,81.65,0.0,0
20.75,81.65,0.0,0
20.85,81.65,0.0,0
20.95,81.65,0.0,0
21.05,81.65,0.0,0
21.15,81.65,0.0,0
21.25,81.65,0.0,0
21.35,81.65,0.0,0
21.45,81.65,0.0,0
21.55,81.65,0.0,0
21.65,81.65,0.0,0
21.75,81.65,0.0,0
21.85,81.65,0.0,0
21.95,81.65,0.0,0
22.05,81.65,0.0,0
22.15,81.65,0.0,0
22.25,81.65,0.0,0
22.35,81.65,0.0,0
22.45,81.65,0.0,0
22.55,81.65,0.0,0
22.65,81.65,0.0,0
22.75,81.65,0.0,0
17.55,81.75,1.999746,0
17.65,81.75,1.2425314,0
17.75,81.75,0.0,0
17.85,81.75,0.0,0
17.95,81.75,0.0,0
18.05,81.75,0.0,0
18.15,81.75,0.0,0
18.25,81.75,0.0,0
18.35,81.75,0.0,0
18.45,81.75,0.0,0
18.55,81.75,0.0,0
18.65,81.75,0.0,0
18.75,81.75,0.0,0
18.85,81.75,0.0,0
18.95,81.75,0.8281407,0
19.05,81.75,1.0905269,0
19.15,81.75,1.1434932,0
19.25,81.75,1.2922648,0
19.35,81.75,1.6931659,0
19.45,81.75,3.0213215,0
19.55,81.75,3.9044862,0
19.65,81.75,3.9313402,0
19.75,81.75,2.693753,0
19.85,81.75,1.546416,0
19.95,81.75,0.0,0
20.05,81.75,0.0,0
20.15,81.75,0.0,0
20.25,81.75,0.0,0
20.35,81.75,0.0,0
20.45,81.75,0.0,0
20.55,81.75,0.0,0
20.65,81.75,0.0,0
20.75,81.75,0.0,0
20.85,81.75,0.0,0
20.95,81.75,0.0,0
21.05,81.75,0.1318489,0
21.15,81.75,0.14529628,0
21.25,81.75,0.0,0
21.35,81.75,0.0,0
21.45,81.75,0.0,0
21.55,81.75,0.0,0
21.65,81.75,0.0,0
21.75,81.75,0.0,0
21.85,81.75,0.0,0
21.95,81.75,0.0,0
22.05,81.75,0.0,0
22.15,81.75,0.0,0
22.25,81.75,0.0,0
22.35,81.75,0.0,0
22.45,81.75,0.0,0
22.55,81.75,0.0,0
22.65,81.75,0.0,0
22.75,81.75,0.0,0
17.55,81.85,2.625224,0
17.65,81.85,1.3742802,0
17.75,81.85,0.0,0
17.85,81.85,0.0,0
17.95,81.85,0.0,0
18.05,81.85,0.0,0
18.15,81.85,0.0,0
18.25,81.85,0.0,0
18.35,81.85,0.0,0
18.45,81.85,0.0,0
18.55,81.85,0.0,0
18.65,81.85,0.0,0
18.75,81.85,0.0,0
18.85,81.85,0.0,0
18.95,81.85,0.8293213,0
19.05,81.85,1.0515438,0
19.15,81.85,1.1119952,0
19.25,81.85,1.3903326,0
19.35,81.85,1.9554421,0
19.45,81.85,4.034561,0
19.55,81.85,4.634879,0
19.65,81.85,4.3837557,0
19.75,81.85,2.9741147,0
19.85,81.85,1.7349193,0
19.95,81.85,0.0,0
20.05,81.85,0.0,0
20.15,81.85,0.0,0
20.25,81.85,0.0,0
20.35,81.85,0.0,0
20.45,81.85,0.0,0
20.55,81.85,0.0,0
20.65,81.85,0.0,0
20.75,81.85,0.0,0
20.85,81.85,0.0,0
20.95,81.85,0.120511875,0
21.05,81.85,0.13010788,0
21.15,81.85,0.13298209,0
21.25,81.85,0.0,0
21.35,81.85,0.0,0
21.45,81.85,0.0,0
21.55,81.85,0.0,0
21.65,81.85,0.0,0
21.75,81.85,0.0,0
21.85,81.85,0.0,0
21.95,81.85,0.0,0
22.05,81.85,0.0,0
22.15,81.85,0.0,0
22.25,81.85,0.0,0
22.35,81.85,0.0,0
22.45,81.85,0.0,0
22.55,81.85,0.0,0
22.65,81.85,0.0,0
22.75,81.85,0.0,0
17.55,81.95,2.5834117,0
17.65,81.95,1.6245067,0
17.75,81.95,0.0,0
17.85,81.95,0.0,0
17.95,81.95,0.0,0
18.05,81.95,0.0,0
18.15,81.95,0.0,0
18.25,81.95,0.0,0
18.35,81.95,0.0,0
18.45,81.95,0.0,0
18.55,81.95,0.0,0
18.65,81.95,0.0,0
18.75,81.95,0.0,0
18.85,81.95,0.0,0
18.95,81.95,0.0,0
19.05,81.95,0.83902544,0
19.15,81.95,0.8985106,0
19.25,81.95,1.4749844,0
19.35,81.95,2.6621273,0
19.45,81.95,4.372237,0
19.55,81.95,4.534892,0
19.65,81.95,3.2264605,0
19.75,81.95,2.1509845,0
19.85,81.95,1.7822088,0
19.95,81.95,0.0,0
20.05,81.95,0.0,0
20.15,81.95,0.0,0
20.25,81.95,0.0,0
20.35,81.95,0.0,0
20.45,81.95,0.0,0
20.55,81.95,0.0,0
20.65,81.95,0.0,0
20.75,81.95,0.0,0
20.85,81.95,0.0,0
20.95,81.95,0.124760084,0
21.05,81.95,0.16740204,0
21.15,81.95,0.193145,0
21.25,81.95,0.17914502,0
21.35,81.95,0.0,0
21.45,81.95,0.0,0
21.55,81.95,0.0,0
21.65,81.95,0.0,0
21.75,81.95,0.0,0
21.85,81.95,0.0,0
21.95,81.95,0.0,0
22.05,81.95,0.0,0
22.15,81.95,0.0,0
22.25,81.95,0.0,0
22.35,81.95,0.0,0
22.45,81.95,0.0,0
22.55,81.95,0.0,0
22.65,81.95,0.0,0
22.75,81.95,0.0,0
17.55,82.05,2.55605,0
17.65,82.05,1.5968752,0
17.75,82.05,0.0,0
17.85,82.05,0.0,0
17.95,82.05,0.0,0
18.05,82.05,0.0,0
18.15,82.05,0.0,0
18.25,82.05,0.0,0
18.35,82.05,0.0,0
18.45,82.05,0.0,0
18.55,82.05,0.0,0
18.65,82.05,0.0,0
18.75,82.05,0.0,0
18.85,82.05,0.0,0
18.95,82.05,0.0,0
19.05,82.05,0.5869314,0
19.15,82.05,0.839934,0
19.25,82.05,1.5327747,0
19.35,82.05,3.2890308,0
19.45,82.05,3.7219012,0
19.55,82.05,3.529691,0
19.65,82.05,2.7776864,0
19.75,82.05,1.8957379,0
19.85,82.05,0.0,0
19.95,82.05,0.0,0
20.05,82.05,0.0,0
20.15,82.05,0.0,0
20.25,82.05,0.0,0
20.35,82.05,0.0,0
20.45,82.05,0.0,0
20.55,82.05,0.1171254,0
20.65,82.05,0.11140888,0
20.75,82.05,0.0,0
20.85,82.05,0.0,0
20.95,82.05,0.21257919,0
21.05,82.05,0.18661681,0
21.15,82.05,0.25466856,0
21.25,82.05,0.16443528,0
21.35,82.05,0.0,0
21.45,82.05,0.0,0
21.55,82.05,0.0,0
21.65,82.05,0.0,0
21.75,82.05,0.0,0
21.85,82.05,0.0,0
21.95,82.05,0.0,0
22.05,82.05,0.0,0
22.15,82.05,0.0,0
22.25,82.05,0.0,0
22.35,82.05,0.0,0
22.45,82.05,0.0,0
22.55,82.05,0.0,0
22.65,82.05,0.0,0
22.75,82.05,0.0,0
17.55,82.15,1.9769347,0
17.65,82.15,0.0,0
17.75,82.15,0.0,0
17.85,82.15,0.0,0
17.95,82.15,0.0,0
18.05,82.15,0.0,0
18.15,82.15,0.0,0
18.25,82.15,0.0,0
18.35,82.15,0.0,0
18.45,82.15,0.0,0
18.55,82.15,0.0,0
18.65,82.15,0.0,0
18.75,82.15,0.0,0
18.85,82.15,0.0,0
18.95,82.15,0.0,0
19.05,82.15,0.0,0
19.15,82.15,0.95797986,0
19.25,82.15,0.8723124,0
19.35,82.15,2.2768908,0
19.45,82.15,3.0701413,0
19.55,82.15,2.78825,0
19.65,82.15,2.1074462,0
19.75,82.15,0.0,0
19.85,82.15,0.0,0
19.95,82.15,0.0,0
20.05,82.15,0.0,0
20.15,82.15,0.0,0
20.25,82.15,0.0,0
20.35,82.15,0.0,0
20.45,82.15,0.12618071,0
20.55,82.15,0.10543197,0
20.65,82.15,0.11126256,0
20.75,82.15,0.17684384,0
20.85,82.15,0.19352646,0
20.95,82.15,0.23071393,0
21.05,82.15,0.19919468,0
21.15,82.15,0.29416227,0
21.25,82.15,0.0,0
21.35,82.15,0.0,0
21.45,82.15,0.0,0
21.55,82.15,0.0,0
21.65,82.15,0.0,0
21.75,82.15,0.0,0
21.85,82.15,0.0,0
21.95,82.15,0.0,0
22.05,82.15,0.0,0
22.15,82.15,0.0,0
22.25,82.15,0.0,0
22.35,82.15,0.0,0
22.45,82.15,0.0,0
22.55,82.15,0.0,0
22.65,82.15,0.0,0
22.75,82.15,0.0,0
17.55,82.25,0.0,0
17.65,82.25,0.0,0
17.75,82.25,0.0,0
17.85,82.25,0.0,0
17.95,82.25,0.0,0
18.05,82.25,0.0,0
18.15,82.25,0.0,0
18.25,82.25,0.0,0
18.35,82.25,0.0,0
18.45,82.25,0.0,0
18.55,82.25,0.0,0
18.65,82.25,0.0,0
18.75,82.25,0.0,0
18.85,82.25,0.0,0
18.95,82.25,0.0,0
19.05,82.25,0.0,0
19.15,82.25,0.78388023,0
19.25,82.25,0.5511238,0
19.35,82.25,1.4602989,0
19.45,82.25,2.258382,0
19.55,82.25,1.8775104,0
19.65,82.25,0.0,0
19.75,82.25,0.0,0
19.85,82.25,0.0,0
19.95,82.25,0.0,0
20.05,82.25,0.0,0
20.15,82.25,0.0,0
20.25,82.25,0.0,0
20.35,82.25,0.0,0
20.45,82.25,0.0,0
20.55,82.25,0.10585152,0
20.65,82.25,0.1099782,0
20.75,82.25,0.0,0
20.85,82.25,0.0,0
20.95,82.25,0.21083769,0
21.05,82.25,0.3018205,0
21.15,82.25,0.0,0
21.25,82.25,0.0,0
21.35,82.25,0.0,0
21.45,82.25,0.0,0
21.55,82.25,0.0,0
21.65,82.25,0.0,0
21.75,82.25,0.0,0
21.85,82.25,0.0,0
21.95,82.25,0.0,0
22.05,82.25,0.0,0
22.15,82.25,0.0,0
22.25,82.25,0.0,0
22.35,82.25,0.0,0
22.45,82.25,0.0,0
22.55,82.25,0.0,0
22.65,82.25,0.0,0
22.75,82.25,0.0,0
17.55,82.35,0.0,0
17.65,82.35,0.0,0
17.75,82.35,0.0,0
17.85,82.35,1.4391183,0
17.95,82.35,0.0,0
18.05,82.35,0.0,0
18.15,82.35,0.0,0
18.25,82.35,0.28975126,0
18.35,82.35,0.0,0
18.45,82.35,0.0,0
18.55,82.35,0.0,0
18.65,82.35,0.0,0
18.75,82.35,0.0,0
18.85,82.35,0.0,0
18.95,82.35,0.0,0
19.05,82.35,0.0,0
19.15,82.35,0.54767257,0
19.25,82.35,0.71647865,0
19.35,82.35,0.9272978,0
19.45,82.35,1.5169711,0
19.55,82.35,1.3461543,0
19.65,82.35,0.0,0
19.75,82.35,0.0,0
19.85,82.35,0.0,0
19.95,82.35,0.0,0
20.05,82.35,0.0,0
20.15,82.35,0.0,0
20.25,82.35,0.0,0
20.35,82.35,0.0,0
20.45,82.35,0.0,0
20.55,82.35,0.0,0
20.65,82.35,0.0,0
20.75,82.35,0.0,0
20.85,82.35,0.0,0
20.95,82.35,0.2596583,0
21.05,82.35,0.0,0
21.15,82.35,0.0,0
21.25,82.35,0.0,0
21.35,82.35,0.0,0
21.45,82.35,0.0,0
21.55,82.35,0.0,0
21.65,82.35,0.0,0
21.75,82.35,0.0,0
21.85,82.35,0.0,0
21.95,82.35,0.0,0
22.05,82.35,0.0,0
22.15,82.35,0.0,0
22.25,82.35,0.0,0
22.35,82.35,0.0,0
22.45,82.35,0.0,0
22.55,82.35,0.19669332,0
22.65,82.35,0.29217607,0
22.75,82.35,0.0,0
17.55,82.45,1.9035523,0
17.65,82.45,0.0,0
17.75,82.45,2.1864955,0
17.85,82.45,1.7694701,0
17.95,82.45,1.1246643,0
18.05,82.45,0.5608673,0
18.15,82.45,0.33955398,0
18.25,82.45,0.2363371,0
18.35,82.45,0.0,0
18.45,82.45,0.0,0
18.55,82.45,0.0,0
18.65,82.45,0.0,0
18.75,82.45,0.0,0
18.85,82.45,0.0,0
18.95,82.45,0.0,0
19.05,82.45,0.0,0
19.15,82.45,0.45520493,0
19.25,82.45,0.86929965,0
19.35,82.45,0.8610348,0
19.45,82.45,0.9672293,0
19.55,82.45,0.0,0
19.65,82.45,0.0,0
19.75,82.45,0.0,0
19.85,82.45,0.0,0
19.95,82.45,0.0,0
20.05,82.45,0.0,0
20.15,82.45,0.0,0
20.25,82.45,0.0,0
20.35,82.45,0.0,0
20.45,82.45,0.0,0
20.55,82.45,0.0,0
20.65,82.45,0.0,0
20.75,82.45,0.0,0
20.85,82.45,0.0,0
20.95,82.45,0.0,0
21.05,82.45,0.0,0
21.15,82.45,0.0,0
21.25,82.45,0.0,0
21.35,82.45,0.0,0
21.45,82.45,0.0,0
21.55,82.45,0.0,0
21.65,82.45,0.0,0
21.75,82.45,0.0,0
21.85,82.45,0.0,0
21.95,82.45,0.0,0
22.05,82.45,0.0,0
22.15,82.45,0.0,0
22.25,82.45,0.0,0
22.35,82.45,0.0,0
22.45,82.45,0.0,0
22.55,82.45,0.21510278,0
22.65,82.45,0.24744765,0
22.75,82.45,0.0,0
17.55,82.55,1.9160595,0
17.65,82.55,1.674117,0
17.75,82.55,3.0742986,0
17.85,82.55,2.0498974,0
17.95,82.55,0.83641404,0
18.05,82.55,0.59200704,0
18.15,82.55,0.36313057,0
18.25,82.55,0.24115409,0
18.35,82.55,0.0,0
18.45,82.55,0.0,0
18.55,82.55,0.0,0
18.65,82.55,0.0,0
18.75,82.55,0.0,0
18.85,82.55,0.0,0
18.95,82.55,0.0,0
19.05,82.55,0.0,0
19.15,82.55,0.0,0
19.25,82.55,0.0,0
19.35,82.55,0.0,0
19.45,82.55,0.0,0
19.55,82.55,0.0,0
19.65,82.55,0.0,0
19.75,82.55,0.0,0
19.85,82.55,0.0,0
19.95,82.55,0.0,0
20.05,82.55,0.0,0
20.15,82.55,0.0,0
20.25,82.55,0.0,0
20.35,82.55,0.0,0
20.45,82.55,0.0,0
20.55,82.55,0.0,0
20.65,82.55,0.0,0
20.75,82.55,0.0,0
20.85,82.55,0.0,0
20.95,82.55,0.0,0
21.05,82.55,0.0,0
21.15,82.55,0.0,0
21.25,82.55,0.0,0
21.35,82.55,0.0,0
21.45,82.55,0.0,0
21.55,82.55,0.0,0
21.65,82.55,0.0,0
21.75,82.55,0.0,0
21.85,82.55,0.0,0
21.95,82.55,0.0,0
22.05,82.55,0.0,0
22.15,82.55,0.0,0
22.25,82.55,0.0,0
22.35,82.55,0.0,0
22.45,82.55,0.0,0
22.55,82.55,0.0,0
22.65,82.55,0.0,0
22.75,82.55,0.0,0
17.55,82.65,2.0002446,0
17.65,82.65,2.1261613,0
17.75,82.65,2.7962096,0
17.85,82.65,1.6110843,0
17.95,82.65,0.63526845,0
18.05,82.65,0.65139425,0
18.15,82.65,0.36525023,0
18.25,82.65,0.24748167,0
18.35,82.65,0.0,0
18.45,82.65,0.0,0
18.55,82.65,0.0,0
18.65,82.65,0.0,0
18.75,82.65,0.0,0
18.85,82.65,0.0,0
18.95,82.65,0.0,0
19.05,82.65,0.0,0
19.15,82.65,0.0,0
19.25,82.65,0.0,0
19.35,82.65,0.0,0
19.45,82.65,0.0,0
19.55,82.65,0.0,0
19.65,82.65,0.0,0
19.75,82.65,0.0,0
19.85,82.65,0.0,0
19.95,82.65,0.0,0
20.05,82.65,0.0,0
20.15,82.65,0.0,0
20.25,82.65,0.0,0
20.35,82.65,0.0,0
20.45,82.65,0.0,0
20.55,82.65,0.0,0
20.65,82.65,0.0,0
20.75,82.65,0.0,0
20.85,82.65,0.0,0
20.95,82.65,0.0,0
21.05,82.65,0.0,0
21.15,82.65,0.0,0
21.25,82.65,0.0,0
21.35,82.65,0.0,0
21.45,82.65,0.0,0
21.55,82.65,0.0,0
21.65,82.65,0.0,0
21.75,82.65,0.0,0
21.85,82.65,0.0,0
21.95,82.65,0.0,0
22.05,82.65,0.0,0
22.15,82.65,0.0,0
22.25,82.65,0.0,0
22.35,82.65,0.0,0
22.45,82.65,0.0,0
22.55,82.65,0.0,0
22.65,82.65,0.0,0
22.75,82.65,0.0,0
17.55,82.75,1.8700954,0
17.65,82.75,2.0105982,0
17.75,82.75,1.6248425,0
17.85,82.75,1.1528696,0
17.95,82.75,0.726428,0
18.05,82.75,0.6097984,0
18.15,82.75,0.36994764,0
18.25,82.75,0.2509696,0
18.35,82.75,0.0,0
18.45,82.75,0.0,0
18.55,82.75,0.0,0
18.65,82.75,0.0,0
18.75,82.75,0.0,0
18.85,82.75,0.0,0
18.95,82.75,0.0,0
19.05,82.75,0.0,0
19.15,82.75,0.0,0
19.25,82.75,0.0,0
19.35,82.75,0.0,0
19.45,82.75,0.0,0
19.55,82.75,0.0,0
19.65,82.75,0.0,0
19.75,82.75,0.0,0
19.85,82.75,0.0,0
19.95,82.75,0.0,0
20.05,82.75,0.0,0
20.15,82.75,0.0,0
20.25,82.75,0.0,0
20.35,82.75,0.0,0
20.45,82.75,0.0,0
20.55,82.75,0.0,0
20.65,82.75,0.0,0
20.75,82.75,0.0,0
20.85,82.75,0.0,0
20.95,82.75,0.0,0
21.05,82.75,0.0,0
21.15,82.75,0.0,0
21.25,82.75,0.0,0
21.35,82.75,0.0,0
21.45,82.75,0.0,0
21.55,82.75,0.0,0
21.65,82.75,0.0,0
21.75,82.75,0.0,0
21.85,82.75,0.0,0
21.95,82.75,0.0,0
22.05,82.75,0.0,0
22.15,82.75,0.0,0
22.25,82.75,0.0,0
22.35,82.75,0.0,0
22.45,82.75,0.0,0
22.55,82.75,0.0,0
22.65,82.75,0.0,0
22.75,82.75,0.0,0
17.55,82.85,1.846269,0
17.65,82.85,1.4885607,0
17.75,82.85,0.8532935,0
17.85,82.85,0.6601546,0
17.95,82.85,0.5320892,0
18.05,82.85,0.42452872,0
18.15,82.85,0.0,0
18.25,82.85,0.0,0
18.35,82.85,0.0,0
18.45,82.85,0.0,0
18.55,82.85,0.0,0
18.65,82.85,0.0,0
18.75,82.85,0.0,0
18.85,82.85,0.0,0
18.95,82.85,0.0,0
19.05,82.85,0.0,0
19.15,82.85,0.0,0
19.25,82.85,0.0,0
19.35,82.85,0.0,0
19.45,82.85,0.0,0
19.55,82.85,0.0,0
19.65,82.85,0.0,0
19.75,82.85,0.0,0
19.85,82.85,0.0,0
19.95,82.85,0.0,0
20.05,82.85,0.0,0
20.15,82.85,0.0,0
20.25,82.85,0.0,0
20.35,82.85,0.0,0
20.45,82.85,0.0,0
20.55,82.85,0.31366873,0
20.65,82.85,0.44880784,0
20.75,82.85,0.5370914,0
20.85,82.85,0.43973848,0
20.95,82.85,0.0,0
21.05,82.85,0.0,0
21.15,82.85,0.0,0
21.25,82.85,0.0,0
21.35,82.85,0.0,0
21.45,82.85,0.0,0
21.55,82.85,0.0,0
21.65,82.85,0.0,0
21.75,82.85,0.0,0
21.85,82.85,0.0,0
21.95,82.85,0.0,0
22.05,82.85,0.0,0
22.15,82.85,0.0,0
22.25,82.85,0.0,0
22.35,82.85,0.0,0
22.45,82.85,0.0,0
22.55,82.85,0.0,0
22.65,82.85,0.0,0
22.75,82.85,0.3021466,0
17.55,82.95,1.8724177,0
17.65,82.95,1.2231228,0
17.75,82.95,0.6239753,0
17.85,82.95,0.5315999,0
17.95,82.95,0.0,0
18.05,82.95,0.0,0
18.15,82.95,0.0,0
18.25,82.95,0.0,0
18.35,82.95,0.0,0
18.45,82.95,0.0,0
18.55,82.95,0.0,0
18.65,82.95,0.0,0
18.75,82.95,0.0,0
18.85,82.95,0.0,0
18.95,82.95,0.0,0
19.05,82.95,0.0,0
19.15,82.95,0.0,0
19.25,82.95,0.0,0
19.35,82.95,0.0,0
19.45,82.95,0.0,0
19.55,82.95,0.4556777,0
19.65,82.95,0.0,0
19.75,82.95,0.0,0
19.85,82.95,0.0,0
19.95,82.95,0.0,0
20.05,82.95,0.0,0
20.15,82.95,0.0,0
20.25,82.95,0.0,0
20.35,82.95,0.0,0
20.45,82.95,0.0,0
20.55,82.95,0.5404066,0
20.65,82.95,0.52635527,0
20.75,82.95,0.5274059,0
20.85,82.95,0.4555364,0
20.95,82.95,0.0,0
21.05,82.95,0.0,0
21.15,82.95,0.0,0
21.25,82.95,0.0,0
21.35,82.95,1.151721,0
21.45,82.95,0.0,0
21.55,82.95,0.0,0
21.65,82.95,0.0,0
21.75,82.95,0.0,0
21.85,82.95,0.0,0
21.95,82.95,0.0,0
22.05,82.95,0.0,0
22.15,82.95,0.0,0
22.25,82.95,0.0,0
22.35,82.95,0.0,0
22.45,82.95,0.0,0
22.55,82.95,0.0,0
22.65,82.95,0.40392584,0
22.75,82.95,0.42468697,0
17.55,83.05,1.6253506,0
17.65,83.05,0.87661237,0
17.75,83.05,0.0,0
17.85,83.05,0.0,0
17.95,83.05,0.0,0
18.05,83.05,0.0,0
18.15,83.05,0.0,0
18.25,83.05,0.0,0
18.35,83.05,0.0,0
18.45,83.05,0.0,0
18.55,83.05,0.0,0
18.65,83.05,0.0,0
18.75,83.05,0.0,0
18.85,83.05,0.0,0
18.95,83.05,0.0,0
19.05,83.05,0.0,0
19.15,83.05,0.20550396,0
19.25,83.05,0.36650085,0
19.35,83.05,0.648456,0
19.45,83.05,0.47570503,0
19.55,83.05,0.5081844,0
19.65,83.05,0.0,0
19.75,83.05,0.0,0
19.85,83.05,0.0,0
19.95,83.05,0.0,0
20.05,83.05,0.0,0
20.15,83.05,0.0,0
20.25,83.05,0.0,0
20.35,83.05,0.0,0
20.45,83.05,0.0,0
20.55,83.05,0.6720718,0
20.65,83.05,0.58425444,0
20.75,83.05,0.45474306,0
20.85,83.05,0.0,0
20.95,83.05,0.7341242,0
21.05,83.05,0.59436214,0
21.15,83.05,0.0,0
21.25,83.05,1.0972414,0
21.35,83.05,1.1214844,0
21.45,83.05,1.1503958,0
21.55,83.05,0.0,0
21.65,83.05,0.0,0
21.75,83.05,0.0,0
21.85,83.05,0.0,0
21.95,83.05,0.0,0
22.05,83.05,0.0,0
22.15,83.05,0.0,0
22.25,83.05,0.0,0
22.35,83.05,0.0,0
22.45,83.05,0.0,0
22.55,83.05,0.27047974,0
22.65,83.05,0.40253207,0
22.75,83.05,0.3548731,0
17.55,83.15,0.0,0
17.65,83.15,0.0,0
17.75,83.15,0.0,0
17.85,83.15,0.0,0
17.95,83.15,0.0,0
18.05,83.15,0.0,0
18.15,83.15,0.0,0
18.25,83.15,0.0,0
18.35,83.15,0.0,0
18.45,83.15,0.0,0
18.55,83.15,0.0,0
18.65,83.15,0.0,0
18.75,83.15,0.0,0
18.85,83.15,0.0,0
18.95,83.15,0.0,0
19.05,83.15,0.0,0
19.15,83.15,0.19260386,0
19.25,83.15,0.2376192,0
19.35,83.15,0.65126264,0
19.45,83.15,0.46532792,0
19.55,83.15,0.0,0
19.65,83.15,0.0,0
19.75,83.15,0.0,0
19.85,83.15,0.0,0
19.95,83.15,0.0,0
20.05,83.15,0.0,0
20.15,83.15,0.0,0
20.25,83.15,0.5595007,0
20.35,83.15,0.69984037,0
20.45,83.15,0.8978939,0
20.55,83.15,0.81484103,0
20.65,83.15,0.58213985,0
20.75,83.15,0.4948851,0
20.85,83.15,0.7690059,0
20.95,83.15,0.92051345,0
21.05,83.15,1.0692363,0
21.15,83.15,0.8525853,0
21.25,83.15,0.6396113,0
21.35,83.15,0.8867183,0
21.45,83.15,1.7139162,0
21.55,83.15,0.0,0
21.65,83.15,0.0,0
21.75,83.15,0.0,0
21.85,83.15,0.0,0
21.95,83.15,0.0,0
22.05,83.15,0.0,0
22.15,83.15,0.0,0
22.25,83.15,0.0,0
22.35,83.15,0.0,0
22.45,83.15,0.0,0
22.55,83.15,0.26695445,0
22.65,83.15,0.30240873,0
22.75,83.15,0.39181873,0
17.55,83.25,0.0,0
17.65,83.25,0.0,0
17.75,83.25,0.0,0
17.85,83.25,0.0,0
17.95,83.25,0.0,0
18.05,83.25,0.0,0
18.15,83.25,0.0,0
18.25,83.25,0.0,0
18.35,83.25,0.0,0
18.45,83.25,0.0,0
18.55,83.25,0.0,0
18.65,83.25,0.0,0
18.75,83.25,0.0,0
18.85,83.25,0.0,0
18.95,83.25,0.0,0
19.05,83.25,0.0,0
19.15,83.25,0.26152712,0
19.25,83.25,0.19574963,0
19.35,83.25,0.44333932,0
19.45,83.25,0.41391233,0
19.55,83.25,0.0,0
19.65,83.25,0.0,0
19.75,83.25,0.0,0
19.85,83.25,0.0,0
19.95,83.25,0.0,0
20.05,83.25,0.0,0
20.15,83.25,0.0,0
20.25,83.25,0.57301915,0
20.35,83.25,0.73402625,0
20.45,83.25,0.93390507,0
20.55,83.25,0.9247556,0
20.65,83.25,0.63811064,0
20.75,83.25,0.93305284,0
20.85,83.25,1.1936463,0
20.95,83.25,1.1251895,0
21.05,83.25,1.0110533,0
21.15,83.25,1.2880216,0
21.25,83.25,1.0902569,0
21.35,83.25,1.5168489,0
21.45,83.25,1.864649,0
21.55,83.25,0.0,0
21.65,83.25,0.0,0
21.75,83.25,0.0,0
21.85,83.25,0.0,0
21.95,83.25,0.0,0
22.05,83.25,0.0,0
22.15,83.25,0.0,0
22.25,83.25,0.0,0
22.35,83.25,0.0,0
22.45,83.25,0.0,0
22.55,83.25,0.19397727,0
22.65,83.25,0.2235755,0
22.75,83.25,0.36537936,0
17.55,83.35,0.0,0
17.65,83.35,0.0,0
17.75,83.35,0.0,0
17.85,83.35,0.0,0
17.95,83.35,0.0,0
18.05,83.35,0.0,0
18.15,83.35,0.0,0
18.25,83.35,0.0,0
18.35,83.35,0.0,0
18.45,83.35,0.0,0
18.55,83.35,0.0,0
18.65,83.35,0.0,0
18.75,83.35,0.0,0
18.85,83.35,0.0,0
18.95,83.35,0.0,0
19.05,83.35,0.0,0
19.15,83.35,0.31177843,0
19.25,83.35,0.29178125,0
19.35,83.35,0.51780885,0
19.45,83.35,0.51869106,0
19.55,83.35,0.0,0
19.65,83.35,0.0,0
19.75,83.35,0.0,0
19.85,83.35,0.0,0
19.95,83.35,0.0,0
20.05,83.35,0.0,0
20.15,83.35,0.0,0
20.25,83.35,0.0,0
20.35,83.35,0.8242555,0
20.45,83.35,0.97166044,0
20.55,83.35,1.1815019,0
20.65,83.35,1.0315392,0
20.75,83.35,1.2947878,0
20.85,83.35,1.5203474,0
20.95,83.35,1.549491,0
21.05,83.35,1.7631357,0
21.15,83.35,2.3345876,0
21.25,83.35,2.4793253,0
21.35,83.35,2.1145558,0
21.45,83.35,2.0599258,0
21.55,83.35,2.3718789,0
21.65,83.35,2.1687317,0
21.75,83.35,1.9828687,0
21.85,83.35,1.8303084,0
21.95,83.35,0.0,0
22.05,83.35,0.0,0
22.15,83.35,0.0,0
22.25,83.35,0.0,0
22.35,83.35,0.0,0
22.45,83.35,0.0,0
22.55,83.35,0.10542469,0
22.65,83.35,0.16448948,0
22.75,83.35,0.38854212,0
17.55,83.45,0.57170504,0
17.65,83.45,0.24246646,0
17.75,83.45,0.12274208,0
17.85,83.45,0.11591219,0
17.95,83.45,0.05070004,0
18.05,83.45,0.047585696,0
18.15,83.45,0.0,0
18.25,83.45,0.0,0
18.35,83.45,0.0,0
18.45,83.45,0.0,0
18.55,83.45,0.0,0
18.65,83.45,0.0,0
18.75,83.45,0.0,0
18.85,83.45,0.0,0
18.95,83.45,0.0,0
19.05,83.45,0.25974613,0
19.15,83.45,0.34323323,0
19.25,83.45,0.33188966,0
19.35,83.45,0.7592687,0
19.45,83.45,0.6441641,0
19.55,83.45,0.0,0
19.65,83.45,0.0,0
19.75,83.45,0.0,0
19.85,83.45,0.0,0
19.95,83.45,0.0,0
20.05,83.45,0.0,0
20.15,83.45,0.0,0
20.25,83.45,0.0,0
20.35,83.45,0.0,0
20.45,83.45,1.3616248,0
20.55,83.45,1.5538336,0
20.65,83.45,1.2457867,0
20.75,83.45,1.3220898,0
20.85,83.45,2.2644885,0
20.95,83.45,2.3946323,0
21.05,83.45,2.9487462,0
21.15,83.45,2.906008,0
21.25,83.45,2.3724658,0
21.35,83.45,2.014009,0
21.45,83.45,2.6977286,0
21.55,83.45,2.9994743,0
21.65,83.45,3.3191752,0
21.75,83.45,2.5972688,0
21.85,83.45,2.0621562,0
21.95,83.45,0.0,0
22.05,83.45,0.0,0
22.15,83.45,0.0,0
22.25,83.45,0.0,0
22.35,83.45,0.0,0
22.45,83.45,0.0,0
22.55,83.45,0.098868415,0
22.65,83.45,0.0,0
22.75,83.45,0.0,0
17.55,83.55,1.3047634,0
17.65,83.55,0.23664695,0
17.75,83.55,0.11800696,0
17.85,83.55,0.11001939,0
17.95,83.55,0.06066927,0
18.05,83.55,0.052459452,0
18.15,83.55,0.0,0
18.25,83.55,0.0,0
18.35,83.55,0.0,0
18.45,83.55,0.0,0
18.55,83.55,0.0,0
18.65,83.55,0.0,0
18.75,83.55,0.0,0
18.85,83.55,0.0,0
18.95,83.55,0.0,0
19.05,83.55,0.0,0
19.15,83.55,0.43071422,0
19.25,83.55,0.26630622,0
19.35,83.55,0.5099731,0
19.45,83.55,0.40164873,0
19.55,83.55,0.0,0
19.65,83.55,0.0,0
19.75,83.55,0.0,0
19.85,83.55,0.0,0
19.95,83.55,0.0,0
20.05,83.55,0.0,0
20.15,83.55,0.0,0
20.25,83.55,1.0121143,0
20.35,83.55,1.706286,0
20.45,83.55,1.9181086,0
20.55,83.55,1.77479,0
20.65,83.55,1.120891,0
20.75,83.55,1.6178017,0
20.85,83.55,2.9290876,0
20.95,83.55,3.0918021,0
21.05,83.55,3.4666214,0
21.15,83.55,3.4811785,0
21.25,83.55,3.024468,0
21.35,83.55,2.560773,0
21.45,83.55,3.5496943,0
21.55,83.55,4.273902,0
21.65,83.55,4.1761184,0
21.75,83.55,3.4816403,0
21.85,83.55,2.3788638,0
21.95,83.55,0.0,0
22.05,83.55,0.0,0
22.15,83.55,0.0,0
22.25,83.55,0.0,0
22.35,83.55,0.0,0
22.45,83.55,0.0,0
22.55,83.55,0.0,0
22.65,83.55,0.0,0
22.75,83.55,0.0,0
17.55,83.65,1.0101697,0
17.65,83.65,0.75175726,0
17.75,83.65,0.12711763,0
17.85,83.65,0.097782664,0
17.95,83.65,0.09628645,0
18.05,83.65,0.0430616,0
18.15,83.65,0.032760162,0
18.25,83.65,0.0,0
18.35,83.65,0.0,0
18.45,83.65,0.0,0
18.55,83.65,0.0,0
18.65,83.65,0.0,0
18.75,83.65,0.0,0
18.85,83.65,0.0,0
18.95,83.65,0.0,0
19.05,83.65,0.0,0
19.15,83.65,0.23541674,0
19.25,83.65,0.28195375,0
19.35,83.65,0.30547455,0
19.45,83.65,0.0,0
19.55,83.65,0.0,0
19.65,83.65,0.0,0
19.75,83.65,0.0,0
19.85,83.65,0.0,0
19.95,83.65,0.0,0
20.05,83.65,0.0,0
20.15,83.65,0.91617155,0
20.25,83.65,1.4315077,0
20.35,83.65,2.3200095,0
20.45,83.65,2.6268399,0
20.55,83.65,2.180581,0
20.65,83.65,1.4541315,0
20.75,83.65,2.9202242,0
20.85,83.65,3.6027703,0
20.95,83.65,3.505418,0
21.05,83.65,3.8665655,0
21.15,83.65,3.8535504,0
21.25,83.65,3.9573386,0
21.35,83.65,4.0413003,0
21.45,83.65,4.391928,0
21.55,83.65,4.409404,0
21.65,83.65,4.1799517,0
21.75,83.65,3.2952814,0
21.85,83.65,2.1840477,0
21.95,83.65,1.9145831,0
22.05,83.65,0.0,0
22.15,83.65,0.0,0
22.25,83.65,0.0,0
22.35,83.65,0.0,0
22.45,83.65,0.0,0
22.55,83.65,0.0,0
22.65,83.65,0.0,0
22.75,83.65,0.0,0
17.55,83.75,1.4170187,0
17.65,83.75,1.2397053,0
17.75,83.75,0.5124809,0
17.85,83.75,0.38005286,0
17.95,83.75,0.11767581,0
18.05,83.75,0.043110114,0
18.15,83.75,0.076712556,0
18.25,83.75,0.0,0
18.35,83.75,0.0,0
18.45,83.75,0.0,0
18.55,83.75,0.0,0
18.65,83.75,0.0,0
18.75,83.75,0.0,0
18.85,83.75,0.0,0
18.95,83.75,0.0,0
19.05,83.75,0.0,0
19.15,83.75,0.2247501,0
19.25,83.75,0.27214578,0
19.35,83.75,0.30178478,0
19.45,83.75,0.0,0
19.55,83.75,0.0,0
19.65,83.75,0.0,0
19.75,83.75,0.0,0
19.85,83.75,0.0,0
19.95,83.75,0.0,0
20.05,83.75,0.0,0
20.15,83.75,1.5316044,0
20.25,83.75,2.497561,0
20.35,83.75,3.6571658,0
20.45,83.75,3.2431512,0
20.55,83.75,2.7740145,0
20.65,83.75,2.3139968,0
20.75,83.75,3.864273,0
20.85,83.75,3.8408172,0
20.95,83.75,3.8175688,0
21.05,83.75,4.5539145,0
21.15,83.75,4.5257435,0
21.25,83.75,4.061412,0
21.35,83.75,4.3328457,0
21.45,83.75,4.7120414,0
21.55,83.75,3.4599,0
21.65,83.75,3.1016014,0
21.75,83.75,3.2629313,0
21.85,83.75,2.2642336,0
21.95,83.75,0.0,0
22.05,83.75,0.0,0
22.15,83.75,0.0,0
22.25,83.75,0.0,0
22.35,83.75,0.0,0
22.45,83.75,0.0,0
22.55,83.75,0.0,0
22.65,83.75,0.0,0
22.75,83.75,0.0,0
17.55,83.85,1.3848586,0
17.65,83.85,1.9675655,0
17.75,83.85,0.82748693,0
17.85,83.85,0.49220476,0
17.95,83.85,0.33326295,0
18.05,83.85,0.0,0
18.15,83.85,0.0,0
18.25,83.85,0.0,0
18.35,83.85,0.0,0
18.45,83.85,0.0,0
18.55,83.85,0.0,0
18.65,83.85,0.0,0
18.75,83.85,0.0,0
18.85,83.85,0.0,0
18.95,83.85,0.0,0
19.05,83.85,0.0,0
19.15,83.85,0.1558841,0
19.25,83.85,0.23598826,0
19.35,83.85,0.0,0
19.45,83.85,0.0,0
19.55,83.85,0.0,0
19.65,83.85,0.0,0
19.75,83.85,0.0,0
19.85,83.85,0.0,0
19.95,83.85,1.2315613,0
20.05,83.85,1.4949229,0
20.15,83.85,2.0492115,0
20.25,83.85,3.0851235,0
20.35,83.85,4.09093,0
20.45,83.85,4.125147,0
20.55,83.85,3.6263833,0
20.65,83.85,3.3371716,0
20.75,83.85,4.120121,0
20.85,83.85,3.8870316,0
20.95,83.85,4.3314047,0
21.05,83.85,5.0221868,0
21.15,83.85,4.8638735,0
21.25,83.85,4.06236,0
21.35,83.85,4.0294666,0
21.45,83.85,4.5728216,0
21.55,83.85,3.1939108,0
21.65,83.85,2.9552004,0
21.75,83.85,2.5489616,0
21.85,83.85,0.0,0
21.95,83.85,0.0,0
22.05,83.85,1.2098439,0
22.15,83.85,1.0159324,0
22.25,83.85,0.8425252,0
22.35,83.85,0.0,0
22.45,83.85,0.0,0
22.55,83.85,0.0,0
22.65,83.85,0.0,0
22.75,83.85,0.0,0
17.55,83.95,1.0068262,0
17.65,83.95,1.2725339,0
17.75,83.95,1.3543779,0
17.85,83.95,1.1496359,0
17.95,83.95,0.48464417,0
18.05,83.95,0.0,0
18.15,83.95,0.0,0
18.25,83.95,0.0,0
18.35,83.95,0.0,0
18.45,83.95,0.0,0
18.55,83.95,0.0,0
18.65,83.95,0.0,0
18.75,83.95,0.0,0
18.85,83.95,0.0,0
18.95,83.95,0.0,0
19.05,83.95,0.0,0
19.15,83.95,0.0,0
19.25,83.95,0.0,0
19.35,83.95,0.0,0
19.45,83.95,0.0,0
19.55,83.95,0.0,0
19.65,83.95,0.0,0
19.75,83.95,0.0,0
19.85,83.95,0.0,0
19.95,83.95,1.21432,0
20.05,83.95,1.5561911,0
20.15,83.95,2.20933,0
20.25,83.95,3.3755262,0
20.35,83.95,3.967226,0
20.45,83.95,4.479884,0
20.55,83.95,4.2322116,0
20.65,83.95,4.2644334,0
20.75,83.95,4.3976583,0
20.85,83.95,3.6987035,0
20.95,83.95,3.6321392,0
21.05,83.95,4.127848,0
21.15,83.95,4.531507,0
21.25,83.95,5.463136,0
21.35,83.95,5.4545307,0
21.45,83.95,4.2408276,0
21.55,83.95,2.3323467,0
21.65,83.95,2.2251797,0
21.75,83.95,2.031329,0
21.85,83.95,0.0,0
21.95,83.95,1.3987434,0
22.05,83.95,1.2700691,0
22.15,83.95,1.0194883,0
22.25,83.95,1.2759414,0
22.35,83.95,0.69591165,0
22.45,83.95,0.0,0
22.55,83.95,0.0,0
22.65,83.95,0.0,0
22.75,83.95,0.0,0
17.55,84.05,0.7714019,0
17.65,84.05,0.7477964,0
17.75,84.05,1.0652418,0
17.85,84.05,1.0346824,0
17.95,84.05,0.7030623,0
18.05,84.05,0.2586055,0
18.15,84.05,0.0,0
18.25,84.05,0.0,0
18.35,84.05,0.0,0
18.45,84.05,0.0,0
18.55,84.05,0.0,0
18.65,84.05,0.0,0
18.75,84.05,0.0,0
18.85,84.05,0.0,0
18.95,84.05,0.0,0
19.05,84.05,0.0,0
19.15,84.05,0.0,0
19.25,84.05,0.0,0
19.35,84.05,0.0,0
19.45,84.05,0.0,0
19.55,84.05,0.0,0
19.65,84.05,0.0,0
19.75,84.05,1.3744748,0
19.85,84.05,1.6811872,0
19.95,84.05,1.458624,0
20.05,84.05,1.735731,0
20.15,84.05,2.2289734,0
20.25,84.05,3.4572947,0
20.35,84.05,4.204934,0
20.45,84.05,4.2913337,0
20.55,84.05,3.8813436,0
20.65,84.05,4.1672926,0
20.75,84.05,4.3970017,0
20.85,84.05,4.2200656,0
20.95,84.05,3.9986475,0
21.05,84.05,3.7352746,0
21.15,84.05,4.4161267,0
21.25,84.05,5.471908,0
21.35,84.05,5.126515,0
21.45,84.05,4.4791274,0
21.55,84.05,2.6785445,0
21.65,84.05,1.7421592,0
21.75,84.05,1.308497,0
21.85,84.05,1.294859,0
21.95,84.05,0.59378344,0
22.05,84.05,1.1303464,0
22.15,84.05,1.4330322,0
22.25,84.05,0.7771695,0
22.35,84.05,0.76982915,0
22.45,84.05,0.5387523,0
22.55,84.05,0.35387373,0
22.65,84.05,0.39142773,0
22.75,84.05,0.0,0
17.55,84.15,0.69017917,0
17.65,84.15,0.6220379,0
17.75,84.15,0.58752924,0
17.85,84.15,0.7071405,0
17.95,84.15,0.71357226,0
18.05,84.15,0.0,0
18.15,84.15,0.0,0
18.25,84.15,0.0,0
18.35,84.15,0.0,0
18.45,84.15,0.0,0
18.55,84.15,0.0,0
18.65,84.15,0.0,0
18.75,84.15,0.0,0
18.85,84.15,0.0,0
18.95,84.15,0.0,0
19.05,84.15,0.0,0
19.15,84.15,0.0,0
19.25,84.15,0.0,0
19.35,84.15,0.0,0
19.45,84.15,0.0,0
19.55,84.15,0.0,0
19.65,84.15,0.8133956,0
19.75,84.15,1.4975388,0
19.85,84.15,1.7595558,0
19.95,84.15,1.9548844,0
20.05,84.15,1.8769429,0
20.15,84.15,2.19427,0
20.25,84.15,3.4503827,0
20.35,84.15,3.822662,0
20.45,84.15,3.857232,0
20.55,84.15,3.8729577,0
20.65,84.15,4.008021,0
20.75,84.15,4.160266,0
20.85,84.15,4.8020086,0
20.95,84.15,5.015534,0
21.05,84.15,4.4819613,0
21.15,84.15,4.482597,0
21.25,84.15,4.6229734,0
21.35,84.15,4.496984,0
21.45,84.15,3.1989388,0
21.55,84.15,2.810042,0
21.65,84.15,0.9085749,0
21.75,84.15,0.57310283,0
21.85,84.15,0.5090375,0
21.95,84.15,0.33510196,0
22.05,84.15,0.6404163,0
22.15,84.15,1.3284919,0
22.25,84.15,1.0630466,0
22.35,84.15,0.76701504,0
22.45,84.15,1.006089,0
22.55,84.15,1.6911516,0
22.65,84.15,1.6817397,0
22.75,84.15,0.9427615,0
17.55,84.25,0.37891746,0
17.65,84.25,0.40008017,0
17.75,84.25,0.341769,0
17.85,84.25,0.21049766,0
17.95,84.25,0.2471947,0
18.05,84.25,0.0,0
18.15,84.25,0.0,0
18.25,84.25,0.0,0
18.35,84.25,0.0,0
18.45,84.25,0.0,0
18.55,84.25,0.0,0
18.65,84.25,0.0,0
18.75,84.25,0.0,0
18.85,84.25,0.0,0
18.95,84.25,0.0,0
19.05,84.25,0.0,0
19.15,84.25,0.0,0
19.25,84.25,0.0,0
19.35,84.25,0.0,0
19.45,84.25,0.0,0
19.55,84.25,0.0,0
19.65,84.25,0.57845825,0
19.75,84.25,1.7064396,0
19.85,84.25,1.792161,0
19.95,84.25,1.8708822,0
20.05,84.25,2.1139593,0
20.15,84.25,2.3972645,0
20.25,84.25,3.6712008,0
20.35,84.25,3.8554873,0
20.45,84.25,4.0886016,0
20.55,84.25,3.9283204,0
20.65,84.25,3.9979348,0
20.75,84.25,4.2796073,0
20.85,84.25,4.7946935,0
20.95,84.25,5.0157886,0
21.05,84.25,5.0079756,0
21.15,84.25,4.5644946,0
21.25,84.25,3.9496799,0
21.35,84.25,3.2458286,0
21.45,84.25,2.7435977,0
21.55,84.25,3.2004063,0
21.65,84.25,1.5784689,0
21.75,84.25,0.8813212,0
21.85,84.25,0.5362045,0
21.95,84.25,0.3369288,0
22.05,84.25,0.47377434,0
22.15,84.25,0.77985734,0
22.25,84.25,0.85072833,0
22.35,84.25,0.9068785,0
22.45,84.25,2.712905,0
22.55,84.25,3.67502,0
22.65,84.25,3.0475903,0
22.75,84.25,2.028927,0
17.55,84.35,0.28507194,0
17.65,84.35,0.39548331,0
17.75,84.35,0.37318566,0
17.85,84.35,0.44310594,0
17.95,84.35,0.0,0
18.05,84.35,0.0,0
18.15,84.35,0.0,0
18.25,84.35,0.0,0
18.35,84.35,0.0,0
18.45,84.35,0.0,0
18.55,84.35,0.0,0
18.65,84.35,0.0,0
18.75,84.35,0.0,0
18.85,84.35,0.0,0
18.95,84.35,0.0,0
19.05,84.35,0.0,0
19.15,84.35,0.0,0
19.25,84.35,0.0,0
19.35,84.35,0.0,0
19.45,84.35,0.0,0
19.55,84.35,0.0,0
19.65,84.35,1.3644881,0
19.75,84.35,1.735662,0
19.85,84.35,1.8514421,0
19.95,84.35,1.8333632,0
20.05,84.35,2.1051838,0
20.15,84.35,2.7821598,0
20.25,84.35,3.5157104,0
20.35,84.35,3.9134705,0
20.45,84.35,4.0382957,0
20.55,84.35,3.9573345,0
20.65,84.35,4.3066187,0
20.75,84.35,4.6607122,0
20.85,84.35,5.0282207,0
20.95,84.35,5.0988054,0
21.05,84.35,4.812155,0
21.15,84.35,4.4162173,0
21.25,84.35,3.7061992,0
21.35,84.35,3.2320426,0
21.45,84.35,2.2780654,0
21.55,84.35,2.1494725,0
21.65,84.35,2.0308075,0
21.75,84.35,1.4063022,0
21.85,84.35,0.5858007,0
21.95,84.35,0.37674752,0
22.05,84.35,0.38474476,0
22.15,84.35,0.36870012,0
22.25,84.35,0.45539543,0
22.35,84.35,1.4147439,0
22.45,84.35,3.9704988,0
22.55,84.35,4.3585153,0
22.65,84.35,2.964735,0
22.75,84.35,0.0,0
17.55,84.45,0.23369224,0
17.65,84.45,0.35936943,0
17.75,84.45,0.45056334,0
17.85,84.45,0.4472455,0
17.95,84.45,0.0,0
18.05,84.45,0.0,0
18.15,84.45,0.0,0
18.25,84.45,0.0,0
18.35,84.45,0.0,0
18.45,84.45,0.0,0
18.55,84.45,0.0,0
18.65,84.45,0.0,0
18.75,84.45,0.0,0
18.85,84.45,0.0,0
18.95,84.45,0.0,0
19.05,84.45,0.0,0
19.15,84.45,0.0,0
19.25,84.45,0.0,0
19.35,84.45,0.0,0
19.45,84.45,0.0,0
19.55,84.45,0.0,0
19.65,84.45,1.2397398,0
19.75,84.45,1.6548083,0
19.85,84.45,1.9197447,0
19.95,84.45,2.1131132,0
20.05,84.45,2.470798,0
20.15,84.45,3.1191463,0
20.25,84.45,3.052442,0
20.35,84.45,3.3811607,0
20.45,84.45,3.6004894,0
20.55,84.45,3.6808195,0
20.65,84.45,3.7961318,0
20.75,84.45,4.156032,0
20.85,84.45,4.4683886,0
20.95,84.45,4.4187403,0
21.05,84.45,4.3014755,0
21.15,84.45,3.769218,0
21.25,84.45,3.6498454,0
21.35,84.45,3.44754,0
21.45,84.45,2.9355412,0
21.55,84.45,2.2904196,0
21.65,84.45,2.1926944,0
21.75,84.45,1.9874382,0
21.85,84.45,1.0865966,0
21.95,84.45,0.34730402,0
22.05,84.45,0.2306361,0
22.15,84.45,0.35234728,0
22.25,84.45,0.5531814,0
22.35,84.45,1.4297376,0
22.45,84.45,4.6412544,0
22.55,84.45,3.897665,0
22.65,84.45,2.5387912,0
22.75,84.45,0.0,0
17.55,84.55,0.25019163,0
17.65,84.55,0.36095306,0
17.75,84.55,0.44682705,0
17.85,84.55,0.470835,0
17.95,84.55,0.0,0
18.05,84.55,0.0,0
18.15,84.55,0.0,0
18.25,84.55,0.0,0
18.35,84.55,0.0,0
18.45,84.55,0.0,0
18.55,84.55,0.35591397,0
18.65,84.55,0.0,0
18.75,84.55,0.0,0
18.85,84.55,0.0,0
18.95,84.55,0.0,0
19.05,84.55,0.0,0
19.15,84.55,0.0,0
19.25,84.55,0.0,0
19.35,84.55,0.0,0
19.45,84.55,0.0,0
19.55,84.55,0.0,0
19.65,84.55,1.0399653,0
19.75,84.55,1.5179851,0
19.85,84.55,1.8632262,0
19.95,84.55,2.602102,0
20.05,84.55,3.0562048,0
20.15,84.55,3.5405416,0
20.25,84.55,3.6824257,0
20.35,84.55,3.1312478,0
20.45,84.55,2.9206116,0
20.55,84.55,3.1866097,0
20.65,84.55,3.5480976,0
20.75,84.55,3.6876497,0
20.85,84.55,3.875475,0
20.95,84.55,3.705061,0
21.05,84.55,3.2478712,0
21.15,84.55,2.972884,0
21.25,84.55,2.9392834,0
21.35,84.55,2.7807028,0
21.45,84.55,2.8514342,0
21.55,84.55,2.3270884,0
21.65,84.55,1.7042191,0
21.75,84.55,1.6443678,0
21.85,84.55,1.6963308,0
21.95,84.55,0.7088951,0
22.05,84.55,0.22219267,0
22.15,84.55,0.36627203,0
22.25,84.55,1.4006349,0
22.35,84.55,1.6976582,0
22.45,84.55,4.081873,0
22.55,84.55,4.2708163,0
22.65,84.55,2.9585748,0
22.75,84.55,2.2984638,0
17.55,84.65,0.32846135,0
17.65,84.65,0.38451433,0
17.75,84.65,0.4435145,0
17.85,84.65,0.46471992,0
17.95,84.65,0.0,0
18.05,84.65,0.0,0
18.15,84.65,0.0,0
18.25,84.65,0.0,0
18.35,84.65,0.0,0
18.45,84.65,0.0,0
18.55,84.65,0.3468802,0
18.65,84.65,0.0,0
18.75,84.65,0.0,0
18.85,84.65,0.0,0
18.95,84.65,0.0,0
19.05,84.65,0.0,0
19.15,84.65,0.0,0
19.25,84.65,0.0,0
19.35,84.65,0.0,0
19.45,84.65,0.68822193,0
19.55,84.65,0.74270415,0
19.65,84.65,1.3512305,0
19.75,84.65,1.370202,0
19.85,84.65,0.70592,0
19.95,84.65,2.4892666,0
20.05,84.65,3.0653865,0
20.15,84.65,3.4178252,0
20.25,84.65,3.434397,0
20.35,84.65,3.267612,0
20.45,84.65,2.5923734,0
20.55,84.65,2.8923237,0
20.65,84.65,3.3657808,0
20.75,84.65,3.2360566,0
20.85,84.65,3.1187654,0
20.95,84.65,2.7599485,0
21.05,84.65,2.6540592,0
21.15,84.65,2.71291,0
21.25,84.65,1.3616365,0
21.35,84.65,2.5522785,0
21.45,84.65,2.299041,0
21.55,84.65,2.0917222,0
21.65,84.65,1.7944193,0
21.75,84.65,1.6845218,0
21.85,84.65,1.6987681,0
21.95,84.65,1.2327484,0
22.05,84.65,0.33812246,0
22.15,84.65,0.3424274,0
22.25,84.65,1.2607187,0
22.35,84.65,1.6891965,0
22.45,84.65,2.4766912,0
22.55,84.65,3.6677966,0
22.65,84.65,3.3696444,0
22.75,84.65,2.4111755,0
17.55,84.75,0.3322047,0
17.65,84.75,0.50333947,0
17.75,84.75,0.46964818,0
17.85,84.75,0.0,0
17.95,84.75,0.0,0
18.05,84.75,0.0,0
18.15,84.75,0.0,0
18.25,84.75,0.0,0
18.35,84.75,0.31780127,0
18.45,84.75,0.2986928,0
18.55,84.75,0.33020133,0
18.65,84.75,0.6014243,0
18.75,84.75,0.0,0
18.85,84.75,0.0,0
18.95,84.75,0.0,0
19.05,84.75,0.0,0
19.15,84.75,1.0513995,0
19.25,84.75,1.0037154,0
19.35,84.75,0.94322145,0
19.45,84.75,1.0773429,0
19.55,84.75,1.0149479,0
19.65,84.75,1.5871696,0
19.75,84.75,1.4708076,0
19.85,84.75,2.2469556,0
19.95,84.75,4.0196505,0
20.05,84.75,3.3264697,0
20.15,84.75,3.4696488,0
20.25,84.75,3.254347,0
20.35,84.75,3.142887,0
20.45,84.75,2.9442902,0
20.55,84.75,2.7827432,0
20.65,84.75,2.898935,0
20.75,84.75,3.2584655,0
20.85,84.75,3.0093398,0
20.95,84.75,2.5772517,0
21.05,84.75,1.5962709,0
21.15,84.75,1.5580938,0
21.25,84.75,1.2813015,0
21.35,84.75,2.5822845,0
21.45,84.75,1.9980639,0
21.55,84.75,1.5620817,0
21.65,84.75,1.7215849,0
21.75,84.75,1.3589346,0
21.85,84.75,1.6313713,0
21.95,84.75,1.3538432,0
22.05,84.75,0.61667854,0
22.15,84.75,0.5066502,0
22.25,84.75,0.31148902,0
22.35,84.75,0.5730156,0
22.45,84.75,0.816879,0
22.55,84.75,1.0521343,0
22.65,84.75,2.9387627,0
22.75,84.75,2.2485106,0
17.55,84.85,0.344846,0
17.65,84.85,0.42785424,0
17.75,84.85,0.48504314,0
17.85,84.85,0.0,0
17.95,84.85,0.0,0
18.05,84.85,0.0,0
18.15,84.85,0.0,0
18.25,84.85,0.0,0
18.35,84.85,0.3811601,0
18.45,84.85,0.36411113,0
18.55,84.85,0.0,0
18.65,84.85,0.0,0
18.75,84.85,0.0,0
18.85,84.85,1.0843079,0
18.95,84.85,1.1642715,0
19.05,84.85,0.0,0
19.15,84.85,1.1109124,0
19.25,84.85,1.0884473,0
19.35,84.85,1.1552737,0
19.45,84.85,1.2573252,0
19.55,84.85,2.570245,0
19.65,84.85,2.131805,0
19.75,84.85,1.5688136,0
19.85,84.85,1.8903421,0
19.95,84.85,4.1971545,0
20.05,84.85,4.646822,0
20.15,84.85,5.022801,0
20.25,84.85,4.7296023,0
20.35,84.85,5.0724225,0
20.45,84.85,3.1818721,0
20.55,84.85,2.6171596,0
20.65,84.85,3.034302,0
20.75,84.85,3.4704027,0
20.85,84.85,3.7085645,0
20.95,84.85,3.0780559,0
21.05,84.85,1.6043609,0
21.15,84.85,1.4477661,0
21.25,84.85,1.4917369,0
21.35,84.85,1.5826037,0
21.45,84.85,2.2864492,0
21.55,84.85,1.0641623,0
21.65,84.85,0.92978597,0
21.75,84.85,0.83956766,0
21.85,84.85,1.1548187,0
21.95,84.85,1.0236465,0
22.05,84.85,0.5101713,0
22.15,84.85,0.7006505,0
22.25,84.85,0.5067142,0
22.35,84.85,0.30368227,0
22.45,84.85,0.2866758,0
22.55,84.85,0.24845967,0
22.65,84.85,0.51694256,0
22.75,84.85,0.73063016,0
17.55,84.95,0.36513376,0
17.65,84.95,0.46485093,0
17.75,84.95,0.49678162,0
17.85,84.95,0.0,0
17.95,84.95,0.0,0
18.05,84.95,0.0,0
18.15,84.95,0.0,0
18.25,84.95,0.0,0
18.35,84.95,0.40857908,0
18.45,84.95,0.0,0
18.55,84.95,0.0,0
18.65,84.95,0.0,0
18.75,84.95,0.68568397,0
18.85,84.95,0.993051,0
18.95,84.95,1.097915,0
19.05,84.95,0.0,0
19.15,84.95,0.0,0
19.25,84.95,1.1105409,0
19.35,84.95,1.2912365,0
19.45,84.95,1.3913612,0
19.55,84.95,1.3436435,0
19.65,84.95,2.5038505,0
19.75,84.95,2.160842,0
19.85,84.95,2.1186864,0
19.95,84.95,3.4753425,0
20.05,84.95,4.550128,0
20.15,84.95,5.572191,0
20.25,84.95,5.284884,0
20.35,84.95,5.222424,0
20.45,84.95,4.6843023,0
20.55,84.95,5.090952,0
20.65,84.95,4.4739246,0
20.75,84.95,3.1865067,0
20.85,84.95,3.8388345,0
20.95,84.95,3.346538,0
21.05,84.95,1.8595232,0
21.15,84.95,1.8966751,0
21.25,84.95,2.3846664,0
21.35,84.95,2.081637,0
21.45,84.95,1.4448832,0
21.55,84.95,0.85771966,0
21.65,84.95,0.40838665,0
21.75,84.95,0.14932086,0
21.85,84.95,0.16588138,0
21.95,84.95,0.13221277,0
22.05,84.95,0.10124123,0
22.15,84.95,0.1553918,0
22.25,84.95,0.17805284,0
22.35,84.95,0.09878706,0
22.45,84.95,0.0,0
22.55,84.95,0.12518801,0
22.65,84.95,0.20455687,0
22.75,84.95,0.07561242,0
17.55,85.05,0.40684634,0
17.65,85.05,0.48547703,0
17.75,85.05,0.5349006,0
17.85,85.05,0.0,0
17.95,85.05,0.0,0
18.05,85.05,0.0,0
18.15,85.05,0.0,0
18.25,85.05,0.0,0
18.35,85.05,0.44560283,0
18.45,85.05,0.0,0
18.55,85.05,0.0,0
18.65,85.05,0.0,0
18.75,85.05,0.6363379,0
18.85,85.05,0.9305855,0
18.95,85.05,1.0450166,0
19.05,85.05,0.0,0
19.15,85.05,0.0,0
19.25,85.05,1.1085386,0
19.35,85.05,1.2901293,0
19.45,85.05,1.3791727,0
19.55,85.05,2.7214904,0
19.65,85.05,2.6455123,0
19.75,85.05,2.5041606,0
19.85,85.05,2.5246623,0
19.95,85.05,3.171097,0
20.05,85.05,4.387402,0
20.15,85.05,6.530189,0
20.25,85.05,5.6982355,0
20.35,85.05,4.800163,0
20.45,85.05,4.3422174,0
20.55,85.05,4.522717,0
20.65,85.05,4.048811,0
20.75,85.05,4.042716,0
20.85,85.05,5.8120685,0
20.95,85.05,5.358745,0
21.05,85.05,1.4518744,0
21.15,85.05,2.140846,0
21.25,85.05,2.6682258,0
21.35,85.05,2.3709102,0
21.45,85.05,1.7767318,0
21.55,85.05,0.82515824,0
21.65,85.05,0.30287418,0
21.75,85.05,0.36360735,0
21.85,85.05,0.17955595,0
21.95,85.05,0.10583433,0
22.05,85.05,0.10558309,0
22.15,85.05,0.104966715,0
22.25,85.05,0.2202874,0
22.35,85.05,0.080736995,0
22.45,85.05,0.0,0
22.55,85.05,0.06926057,0
22.65,85.05,0.057184137,0
22.75,85.05,0.04189896,0
17.55,85.15,0.49545965,0
17.65,85.15,0.5104933,0
17.75,85.15,0.0,0
17.85,85.15,0.0,0
17.95,85.15,0.0,0
18.05,85.15,0.0,0
18.15,85.15,0.0,0
18.25,85.15,0.3330134,0
18.35,85.15,0.4726204,0
18.45,85.15,0.0,0
18.55,85.15,0.0,0
18.65,85.15,0.62945694,0
18.75,85.15,0.6566957,0
18.85,85.15,0.82924205,0
18.95,85.15,0.0,0
19.05,85.15,0.0,0
19.15,85.15,0.0,0
19.25,85.15,1.1106951,0
19.35,85.15,1.2634917,0
19.45,85.15,1.2554003,0
19.55,85.15,2.5232613,0
19.65,85.15,2.312349,0
19.75,85.15,1.3989599,0
19.85,85.15,3.014515,0
19.95,85.15,3.199731,0
20.05,85.15,4.057829,0
20.15,85.15,5.3071356,0
20.25,85.15,4.7689714,0
20.35,85.15,4.492553,0
20.45,85.15,4.3141923,0
20.55,85.15,4.855586,0
20.65,85.15,4.932529,0
20.75,85.15,4.541693,0
20.85,85.15,4.5467877,0
20.95,85.15,3.8335218,0
21.05,85.15,2.5571496,0
21.15,85.15,5.1161904,0
21.25,85.15,5.9540644,0
21.35,85.15,2.3685787,0
21.45,85.15,2.3787148,0
21.55,85.15,1.6686006,0
21.65,85.15,1.1396205,0
21.75,85.15,1.151589,0
21.85,85.15,0.44107223,0
21.95,85.15,0.24625027,0
22.05,85.15,0.13140519,0
22.15,85.15,0.08803518,0
22.25,85.15,0.31425276,0
22.35,85.15,0.12852356,0
22.45,85.15,0.0,0
22.55,85.15,0.072395794,0
22.65,85.15,0.09642842,0
22.75,85.15,0.06784357,0
17.55,85.25,0.7875501,0
17.65,85.25,0.4800679,0
17.75,85.25,0.0,0
17.85,85.25,0.0,0
17.95,85.25,0.0,0
18.05,85.25,0.0,0
18.15,85.25,0.0,0
18.25,85.25,0.33620214,0
18.35,85.25,0.46643704,0
18.45,85.25,0.0,0
18.55,85.25,0.0,0
18.65,85.25,0.6753685,0
18.75,85.25,0.75403935,0
18.85,85.25,0.7794569,0
18.95,85.25,0.0,0
19.05,85.25,0.0,0
19.15,85.25,0.0,0
19.25,85.25,1.188217,0
19.35,85.25,1.266034,0
19.45,85.25,1.2629673,0
19.55,85.25,2.4479616,0
19.65,85.25,2.094132,0
19.75,85.25,1.2130167,0
19.85,85.25,2.6799128,0
19.95,85.25,3.3256516,0
20.05,85.25,4.480744,0
20.15,85.25,4.857758,0
20.25,85.25,4.3073616,0
20.35,85.25,4.1270022,0
20.45,85.25,5.8765025,0
20.55,85.25,6.317978,0
20.65,85.25,6.232141,0
20.75,85.25,4.618885,0
20.85,85.25,3.0977225,0
20.95,85.25,5.274591,0
21.05,85.25,7.373008,0
21.15,85.25,8.426535,0
21.25,85.25,8.621135,0
21.35,85.25,8.117742,0
21.45,85.25,7.797766,0
21.55,85.25,6.198347,0
21.65,85.25,5.136138,0
21.75,85.25,1.5369358,0
21.85,85.25,0.71526504,0
21.95,85.25,0.88608795,0
22.05,85.25,0.22043513,0
22.15,85.25,0.13345449,0
22.25,85.25,0.25617772,0
22.35,85.25,0.46939605,0
22.45,85.25,0.0,0
22.55,85.25,0.057923503,0
22.65,85.25,0.17582977,0
22.75,85.25,0.11145701,0
17.55,85.35,1.4966433,0
17.65,85.35,0.88131547,0
17.75,85.35,0.44973966,0
17.85,85.35,0.0,0
17.95,85.35,0.0,0
18.05,85.35,0.3877373,0
18.15,85.35,0.31770113,0
18.25,85.35,0.35023043,0
18.35,85.35,0.39405963,0
18.45,85.35,0.56912893,0
18.55,85.35,0.59831125,0
18.65,85.35,0.6676304,0
18.75,85.35,0.0,0
18.85,85.35,0.0,0
18.95,85.35,0.0,0
19.05,85.35,0.0,0
19.15,85.35,0.0,0
19.25,85.35,1.2179242,0
19.35,85.35,2.4495752,0
19.45,85.35,1.3070956,0
19.55,85.35,2.3499289,0
19.65,85.35,2.0933578,0
19.75,85.35,2.2355592,0
19.85,85.35,2.472687,0
19.95,85.35,3.2438612,0
20.05,85.35,4.5561976,0
20.15,85.35,4.645988,0
20.25,85.35,4.467508,0
20.35,85.35,4.7703075,0
20.45,85.35,6.4598517,0
20.55,85.35,7.351206,0
20.65,85.35,7.9816113,0
20.75,85.35,7.703388,0
20.85,85.35,7.004993,0
20.95,85.35,7.4039536,0
21.05,85.35,9.145778,0
21.15,85.35,9.451043,0
21.25,85.35,9.876096,0
21.35,85.35,9.73981,0
21.45,85.35,6.8935604,0
21.55,85.35,6.7883296,0
21.65,85.35,6.1596885,0
21.75,85.35,4.7289605,0
21.85,85.35,2.993031,0
21.95,85.35,0.8539204,0
22.05,85.35,0.5126649,0
22.15,85.35,0.2714258,0
22.25,85.35,0.3737926,0
22.35,85.35,0.5030707,0
22.45,85.35,0.1952422,0
22.55,85.35,0.1104334,0
22.65,85.35,0.1424552,0
22.75,85.35,0.14660786,0
17.55,85.45,1.451948,0
17.65,85.45,1.0800846,0
17.75,85.45,0.50851876,0
17.85,85.45,0.0,0
17.95,85.45,0.19998929,0
18.05,85.45,0.3171786,0
18.15,85.45,0.29896683,0
18.25,85.45,0.31713018,0
18.35,85.45,0.36016148,0
18.45,85.45,0.47717234,0
18.55,85.45,0.0,0
18.65,85.45,0.0,0
18.75,85.45,0.0,0
18.85,85.45,0.0,0
18.95,85.45,0.0,0
19.05,85.45,0.0,0
19.15,85.45,0.0,0
19.25,85.45,1.1750259,0
19.35,85.45,2.474764,0
19.45,85.45,2.5582085,0
19.55,85.45,2.4248543,0
19.65,85.45,2.1385772,0
19.75,85.45,1.9554225,0
19.85,85.45,2.351251,0
19.95,85.45,3.4304032,0
20.05,85.45,4.5023727,0
20.15,85.45,4.357949,0
20.25,85.45,4.616001,0
20.35,85.45,5.1311626,0
20.45,85.45,6.613632,0
20.55,85.45,7.601692,0
20.65,85.45,8.8214245,0
20.75,85.45,9.213823,0
20.85,85.45,8.244851,0
20.95,85.45,9.2896,0
21.05,85.45,9.867692,0
21.15,85.45,9.470423,0
21.25,85.45,9.562737,0
21.35,85.45,9.711106,0
21.45,85.45,7.078224,0
21.55,85.45,7.0480404,0
21.65,85.45,6.7550387,0
21.75,85.45,7.225795,0
21.85,85.45,3.7982752,0
21.95,85.45,2.5132937,0
22.05,85.45,1.3292693,0
22.15,85.45,0.65683043,0
22.25,85.45,0.7594124,0
22.35,85.45,0.50134385,0
22.45,85.45,0.22046526,0
22.55,85.45,0.118852295,0
22.65,85.45,0.13537988,0
22.75,85.45,0.16538614,0
17.55,85.55,1.5505571,0
17.65,85.55,0.9811941,0
17.75,85.55,0.5669346,0
17.85,85.55,0.0,0
17.95,85.55,0.11900385,0
18.05,85.55,0.15281476,0
18.15,85.55,0.19981198,0
18.25,85.55,0.0,0
18.35,85.55,0.2797453,0
18.45,85.55,0.3075392,0
18.55,85.55,0.0,0
18.65,85.55,0.0,0
18.75,85.55,0.0,0
18.85,85.55,0.0,0
18.95,85.55,0.0,0
19.05,85.55,0.0,0
19.15,85.55,1.0779439,0
19.25,85.55,1.1829937,0
19.35,85.55,2.4949255,0
19.45,85.55,2.729791,0
19.55,85.55,2.567557,0
19.65,85.55,2.0294056,0
19.75,85.55,1.4017959,0
19.85,85.55,0.89416605,0
19.95,85.55,2.5833628,0
20.05,85.55,3.5824616,0
20.15,85.55,4.309291,0
20.25,85.55,4.8284917,0
20.35,85.55,5.4147353,0
20.45,85.55,6.4626207,0
20.55,85.55,7.357597,0
20.65,85.55,8.453386,0
20.75,85.55,9.537756,0
20.85,85.55,9.383412,0
20.95,85.55,9.498623,0
21.05,85.55,9.311659,0
21.15,85.55,9.489803,0
21.25,85.55,9.025691,0
21.35,85.55,9.533868,0
21.45,85.55,9.722161,0
21.55,85.55,6.9245143,0
21.65,85.55,8.982343,0
21.75,85.55,7.3225746,0
21.85,85.55,6.677084,0
21.95,85.55,3.148234,0
22.05,85.55,2.9629743,0
22.15,85.55,2.2409654,0
22.25,85.55,0.7828402,0
22.35,85.55,0.9847454,0
22.45,85.55,0.56632924,0
22.55,85.55,0.23161992,0
22.65,85.55,0.24232046,0
22.75,85.55,0.19680722,0
17.55,85.65,2.0954726,0
17.65,85.65,1.5148236,0
17.75,85.65,0.0,0
17.85,85.65,0.0,0
17.95,85.65,0.14528488,0
18.05,85.65,0.100930154,0
18.15,85.65,0.12721911,0
18.25,85.65,0.18289818,0
18.35,85.65,0.0,0
18.45,85.65,0.0,0
18.55,85.65,0.0,0
18.65,85.65,0.0,0
18.75,85.65,0.0,0
18.85,85.65,0.0,0
18.95,85.65,0.0,0
19.05,85.65,0.0,0
19.15,85.65,0.0,0
19.25,85.65,1.1204605,0
19.35,85.65,1.3376461,0
19.45,85.65,2.6499667,0
19.55,85.65,2.433071,0
19.65,85.65,1.9175475,0
19.75,85.65,1.2916201,0
19.85,85.65,1.3830342,0
19.95,85.65,1.4589301,0
20.05,85.65,3.972591,0
20.15,85.65,4.8107986,0
20.25,85.65,5.9135284,0
20.35,85.65,5.855055,0
20.45,85.65,6.525642,0
20.55,85.65,7.4908686,0
20.65,85.65,8.746404,0
20.75,85.65,9.631807,0
20.85,85.65,9.665785,0
20.95,85.65,9.777163,0
21.05,85.65,10.147258,0
21.15,85.65,9.845423,0
21.25,85.65,9.718293,0
21.35,85.65,9.343764,0
21.45,85.65,9.725144,0
21.55,85.65,9.82388,0
21.65,85.65,9.5812235,0
21.75,85.65,7.6377254,0
21.85,85.65,6.4805074,0
21.95,85.65,5.3288727,0
22.05,85.65,3.0799184,0
22.15,85.65,2.539158,0
22.25,85.65,1.3212354,0
22.35,85.65,1.0672548,0
22.45,85.65,0.6795708,0
22.55,85.65,0.19446538,0
22.65,85.65,0.23473535,0
22.75,85.65,0.30668506,0
17.55,85.75,1.8160897,0
17.65,85.75,2.00415,0
17.75,85.75,0.8415953,0
17.85,85.75,0.38994533,0
17.95,85.75,0.0,0
18.05,85.75,0.07317978,0
18.15,85.75,0.081420876,0
18.25,85.75,0.13056825,0
18.35,85.75,0.17992982,0
18.45,85.75,0.0,0
18.55,85.75,0.0,0
18.65,85.75,0.0,0
18.75,85.75,0.0,0
18.85,85.75,0.0,0
18.95,85.75,0.0,0
19.05,85.75,0.0,0
19.15,85.75,0.0,0
19.25,85.75,0.0,0
19.35,85.75,1.406191,0
19.45,85.75,1.3026835,0
19.55,85.75,2.3543608,0
19.65,85.75,1.9355441,0
19.75,85.75,1.3915899,0
19.85,85.75,1.5672355,0
19.95,85.75,2.4134257,0
20.05,85.75,2.7374387,0
20.15,85.75,5.128018,0
20.25,85.75,6.755939,0
20.35,85.75,6.104264,0
20.45,85.75,8.433107,0
20.55,85.75,7.863072,0
20.65,85.75,9.540994,0
20.75,85.75,9.782168,0
20.85,85.75,10.846439,0
20.95,85.75,10.263391,0
21.05,85.75,10.453911,0
21.15,85.75,10.4119835,0
21.25,85.75,9.961872,0
21.35,85.75,9.690948,0
21.45,85.75,10.001227,0
21.55,85.75,10.185226,0
21.65,85.75,9.587978,0
21.75,85.75,7.672495,0
21.85,85.75,6.006702,0
21.95,85.75,5.640731,0
22.05,85.75,3.1357334,0
22.15,85.75,2.754457,0
22.25,85.75,2.022005,0
22.35,85.75,0.0,0
22.45,85.75,0.0,0
22.55,85.75,0.0,0
22.65,85.75,0.0,0
22.75,85.75,0.2197145,0
17.55,85.85,1.7885684,0
17.65,85.85,1.8999239,0
17.75,85.85,0.7856772,0
17.85,85.85,0.5302377,0
17.95,85.85,0.0,0
18.05,85.85,0.117004864,0
18.15,85.85,0.057648282,0
18.25,85.85,0.102140926,0
18.35,85.85,0.15381615,0
18.45,85.85,0.21613817,0
18.55,85.85,0.0,0
18.65,85.85,0.0,0
18.75,85.85,0.0,0
18.85,85.85,0.0,0
18.95,85.85,0.0,0
19.05,85.85,0.0,0
19.15,85.85,0.0,0
19.25,85.85,1.2453479,0
19.35,85.85,1.3784345,0
19.45,85.85,1.3596106,0
19.55,85.85,1.1825901,0
19.65,85.85,1.0400364,0
19.75,85.85,1.8846897,0
19.85,85.85,1.8766801,0
19.95,85.85,2.8123677,0
20.05,85.85,4.302969,0
20.15,85.85,3.2934217,0
20.25,85.85,6.475706,0
20.35,85.85,6.920783,0
20.45,85.85,9.10506,0
20.55,85.85,9.305915,0
20.65,85.85,9.300071,0
20.75,85.85,10.976122,0
20.85,85.85,12.027945,0
20.95,85.85,12.198735,0
21.05,85.85,12.434157,0
21.15,85.85,11.866804,0
21.25,85.85,11.286537,0
21.35,85.85,10.186852,0
21.45,85.85,10.358391,0
21.55,85.85,10.477951,0
21.65,85.85,9.253963,0
21.75,85.85,7.7519927,0
21.85,85.85,6.05685,0
21.95,85.85,5.727984,0
22.05,85.85,5.7961574,0
22.15,85.85,3.2145383,0
22.25,85.85,0.0,0
22.35,85.85,0.0,0
22.45,85.85,0.0,0
22.55,85.85,0.0,0
22.65,85.85,0.0,0
22.75,85.85,0.0,0
17.55,85.95,1.5639586,0
17.65,85.95,1.9649792,0
17.75,85.95,0.8711448,0
17.85,85.95,0.79664654,0
17.95,85.95,0.0,0
18.05,85.95,0.17128415,0
18.15,85.95,0.05752804,0
18.25,85.95,0.06153106,0
18.35,85.95,0.14685093,0
18.45,85.95,0.13301381,0
18.55,85.95,0.23154692,0
18.65,85.95,0.30358022,0
18.75,85.95,0.0,0
18.85,85.95,0.0,0
18.95,85.95,0.0,0
19.05,85.95,0.0,0
19.15,85.95,0.0,0
19.25,85.95,1.272,0
19.35,85.95,1.3714017,0
19.45,85.95,1.4199754,0
19.55,85.95,2.6724782,0
19.65,85.95,2.6122615,0
19.75,85.95,2.5662405,0
19.85,85.95,2.534407,0
19.95,85.95,3.8685734,0
20.05,85.95,4.5488267,0
20.15,85.95,5.1382136,0
20.25,85.95,6.4195147,0
20.35,85.95,8.144907,0
20.45,85.95,9.669174,0
20.55,85.95,9.700371,0
20.65,85.95,9.236145,0
20.75,85.95,11.133997,0
20.85,85.95,12.696184,0
20.95,85.95,13.2292185,0
21.05,85.95,13.439196,0
21.15,85.95,13.23782,0
21.25,85.95,12.695483,0
21.35,85.95,11.706173,0
21.45,85.95,12.0706,0
21.55,85.95,11.164207,0
21.65,85.95,8.2459,0
21.75,85.95,7.146502,0
21.85,85.95,6.5432935,0
21.95,85.95,5.7751465,0
22.05,85.95,5.7024097,0
22.15,85.95,5.4290795,0
22.25,85.95,1.5253547,0
22.35,85.95,0.6790127,0
22.45,85.95,0.4477761,0
22.55,85.95,0.3178386,0
22.65,85.95,0.09525139,0
22.75,85.95,0.0,0
17.55,86.05,0.83029735,0
17.65,86.05,1.6285267,0
17.75,86.05,2.9723997,0
17.85,86.05,1.4010216,0
17.95,86.05,0.0,0
18.05,86.05,0.41016978,0
18.15,86.05,0.10848594,0
18.25,86.05,0.05296551,0
18.35,86.05,0.06870704,0
18.45,86.05,0.109933265,0
18.55,86.05,0.15513848,0
18.65,86.05,0.6936722,0
18.75,86.05,1.1014922,0
18.85,86.05,1.3752309,0
18.95,86.05,0.0,0
19.05,86.05,0.0,0
19.15,86.05,0.0,0
19.25,86.05,1.3746492,0
19.35,86.05,1.3298213,0
19.45,86.05,1.4073032,0
19.55,86.05,2.9008818,0
19.65,86.05,3.2091274,0
19.75,86.05,3.2979774,0
19.85,86.05,3.2764726,0
19.95,86.05,4.5065565,0
20.05,86.05,5.149796,0
20.15,86.05,5.6520543,0
20.25,86.05,6.283009,0
20.35,86.05,8.713409,0
20.45,86.05,9.764998,0
20.55,86.05,10.197203,0
20.65,86.05,9.741239,0
20.75,86.05,11.105327,0
20.85,86.05,12.797926,0
20.95,86.05,13.161541,0
21.05,86.05,13.247347,0
21.15,86.05,12.8183,0
21.25,86.05,12.950068,0
21.35,86.05,12.869705,0
21.45,86.05,12.129841,0
21.55,86.05,10.891613,0
21.65,86.05,7.6620607,0
21.75,86.05,7.2135983,0
21.85,86.05,6.321306,0
21.95,86.05,5.919429,0
22.05,86.05,5.6662908,0
22.15,86.05,5.6586847,0
22.25,86.05,2.0932603,0
22.35,86.05,0.81773055,0
22.45,86.05,0.3761642,0
22.55,86.05,0.2795119,0
22.65,86.05,0.07377372,0
22.75,86.05,0.0,0
17.55,86.15,0.914771,0
17.65,86.15,1.1137307,0
17.75,86.15,0.9871008,0
17.85,86.15,1.1933064,0
17.95,86.15,0.0,0
18.05,86.15,0.0,0
18.15,86.15,0.0,0
18.25,86.15,0.0,0
18.35,86.15,0.0,0
18.45,86.15,0.0,0
18.55,86.15,0.13514617,0
18.65,86.15,0.56038964,0
18.75,86.15,0.96387625,0
18.85,86.15,1.1374624,0
18.95,86.15,0.7817052,0
19.05,86.15,0.8935926,0
19.15,86.15,0.0,0
19.25,86.15,1.3960541,0
19.35,86.15,1.325826,0
19.45,86.15,1.3806279,0
19.55,86.15,1.4619142,0
19.65,86.15,1.5349854,0
19.75,86.15,3.4015193,0
19.85,86.15,3.8481052,0
19.95,86.15,4.7609024,0
20.05,86.15,5.5872803,0
20.15,86.15,6.288142,0
20.25,86.15,6.6388826,0
20.35,86.15,8.278205,0
20.45,86.15,9.957843,0
20.55,86.15,9.589363,0
20.65,86.15,9.665062,0
20.75,86.15,11.313895,0
20.85,86.15,13.259489,0
20.95,86.15,13.998636,0
21.05,86.15,13.733423,0
21.15,86.15,12.697929,0
21.25,86.15,12.837211,0
21.35,86.15,12.777753,0
21.45,86.15,12.334026,0
21.55,86.15,11.299597,0
21.65,86.15,7.873521,0
21.75,86.15,6.738652,0
21.85,86.15,6.698251,0
21.95,86.15,5.8963327,0
22.05,86.15,2.684378,0
22.15,86.15,3.0245705,0
22.25,86.15,2.3833528,0
22.35,86.15,0.93053395,0
22.45,86.15,0.33576128,0
22.55,86.15,0.25367287,0
22.65,86.15,0.17021386,0
22.75,86.15,0.08554208,0
17.55,86.25,0.0,0
17.65,86.25,0.0,0
17.75,86.25,0.0,0
17.85,86.25,0.0,0
17.95,86.25,0.0,0
18.05,86.25,0.0,0
18.15,86.25,1.7060845,0
18.25,86.25,0.68205637,0
18.35,86.25,0.0,0
18.45,86.25,0.0,0
18.55,86.25,0.1607783,0
18.65,86.25,0.61332,0
18.75,86.25,0.97083414,0
18.85,86.25,1.0827361,0
18.95,86.25,0.6373721,0
19.05,86.25,1.7908976,0
19.15,86.25,1.1412834,0
19.25,86.25,1.2508296,0
19.35,86.25,2.747581,0
19.45,86.25,2.885336,0
19.55,86.25,2.9248369,0
19.65,86.25,1.4580548,0
19.75,86.25,1.6243523,0
19.85,86.25,3.5763674,0
19.95,86.25,4.983356,0
20.05,86.25,5.7657223,0
20.15,86.25,6.4147296,0
20.25,86.25,7.0662355,0
20.35,86.25,8.993464,0
20.45,86.25,9.993231,0
20.55,86.25,10.688973,0
20.65,86.25,11.865006,0
20.75,86.25,11.398829,0
20.85,86.25,12.64764,0
20.95,86.25,14.16179,0
21.05,86.25,13.847738,0
21.15,86.25,12.821582,0
21.25,86.25,12.459484,0
21.35,86.25,12.757922,0
21.45,86.25,12.879609,0
21.55,86.25,11.211161,0
21.65,86.25,7.7288947,0
21.75,86.25,6.5407815,0
21.85,86.25,6.624224,0
21.95,86.25,6.166524,0
22.05,86.25,2.8497574,0
22.15,86.25,3.1169415,0
22.25,86.25,2.6398902,0
22.35,86.25,1.1976175,0
22.45,86.25,0.39290786,0
22.55,86.25,0.34597805,0
22.65,86.25,0.0,0
22.75,86.25,0.16091758,0
17.55,86.35,0.0,0
17.65,86.35,0.0,0
17.75,86.35,0.0,0
17.85,86.35,0.0,0
17.95,86.35,0.0,0
18.05,86.35,0.0,0
18.15,86.35,1.9104693,0
18.25,86.35,1.678226,0
18.35,86.35,0.9159594,0
18.45,86.35,0.3040032,0
18.55,86.35,0.24693032,0
18.65,86.35,0.48387474,0
18.75,86.35,1.012498,0
18.85,86.35,0.4920232,0
18.95,86.35,0.54214644,0
19.05,86.35,1.3845121,0
19.15,86.35,1.8781312,0
19.25,86.35,2.2462416,0
19.35,86.35,1.3301555,0
19.45,86.35,3.0561993,0
19.55,86.35,3.0684724,0
19.65,86.35,1.4172496,0
19.75,86.35,1.5257674,0
19.85,86.35,0.0,0
19.95,86.35,4.211271,0
20.05,86.35,5.5343313,0
20.15,86.35,5.9248524,0
20.25,86.35,7.2827687,0
20.35,86.35,9.5835,0
20.45,86.35,10.604681,0
20.55,86.35,11.037771,0
20.65,86.35,12.611028,0
20.75,86.35,13.748636,0
20.85,86.35,13.816668,0
20.95,86.35,14.329118,0
21.05,86.35,15.159625,0
21.15,86.35,14.439784,0
21.25,86.35,12.825957,0
21.35,86.35,12.442757,0
21.45,86.35,12.782923,0
21.55,86.35,11.169998,0
21.65,86.35,8.146175,0
21.75,86.35,6.819454,0
21.85,86.35,6.5368423,0
21.95,86.35,6.2303605,0
22.05,86.35,2.9164097,0
22.15,86.35,3.1807387,0
22.25,86.35,2.4949908,0
22.35,86.35,1.5352799,0
22.45,86.35,1.1292882,0
22.55,86.35,1.0099242,0
22.65,86.35,0.0,0
22.75,86.35,0.28224424,0
17.55,86.45,0.0,0
17.65,86.45,0.0,0
17.75,86.45,0.0,0
17.85,86.45,0.0,0
17.95,86.45,0.0,0
18.05,86.45,1.290359,0
18.15,86.45,1.6715022,0
18.25,86.45,1.7378383,0
18.35,86.45,1.3760196,0
18.45,86.45,1.1421307,0
18.55,86.45,0.56182915,0
18.65,86.45,0.43050927,0
18.75,86.45,0.30623502,0
18.85,86.45,0.45274976,0
18.95,86.45,0.56428456,0
19.05,86.45,0.755849,0
19.15,86.45,1.7456187,0
19.25,86.45,2.1097474,0
19.35,86.45,1.221705,0
19.45,86.45,2.5850775,0
19.55,86.45,2.870616,0
19.65,86.45,1.3244317,0
19.75,86.45,1.3554465,0
19.85,86.45,0.0,0
19.95,86.45,1.6285985,0
20.05,86.45,2.3274775,0
20.15,86.45,2.5133083,0
20.25,86.45,3.0856175,0
20.35,86.45,7.6980414,0
20.45,86.45,9.544948,0
20.55,86.45,10.896646,0
20.65,86.45,11.796524,0
20.75,86.45,12.155117,0
20.85,86.45,14.307913,0
20.95,86.45,15.23715,0
21.05,86.45,16.256924,0
21.15,86.45,16.39441,0
21.25,86.45,15.580721,0
21.35,86.45,12.920604,0
21.45,86.45,12.264537,0
21.55,86.45,9.706976,0
21.65,86.45,8.233668,0
21.75,86.45,7.0818157,0
21.85,86.45,6.3937383,0
21.95,86.45,3.4238703,0
22.05,86.45,2.929502,0
22.15,86.45,2.7529516,0
22.25,86.45,2.2273357,0
22.35,86.45,1.42608,0
22.45,86.45,1.3464963,0
22.55,86.45,1.261867,0
22.65,86.45,0.57529694,0
22.75,86.45,0.21672054,0
17.55,86.55,0.0,0
17.65,86.55,0.0,0
17.75,86.55,0.0,0
17.85,86.55,0.0,0
17.95,86.55,0.0,0
18.05,86.55,1.2250129,0
18.15,86.55,1.4042035,0
18.25,86.55,1.5802529,0
18.35,86.55,1.4660735,0
18.45,86.55,1.0490935,0
18.55,86.55,1.1426562,0
18.65,86.55,0.95395154,0
18.75,86.55,0.43659517,0
18.85,86.55,0.5920534,0
18.95,86.55,0.76101196,0
19.05,86.55,0.81837,0
19.15,86.55,0.79068524,0
19.25,86.55,0.0,0
19.35,86.55,1.0890509,0
19.45,86.55,2.4036274,0
19.55,86.55,2.5375113,0
19.65,86.55,2.5692613,0
19.75,86.55,0.0,0
19.85,86.55,0.0,0
19.95,86.55,1.6302807,0
20.05,86.55,1.804897,0
20.15,86.55,2.0937681,0
20.25,86.55,5.898811,0
20.35,86.55,7.0863204,0
20.45,86.55,8.458577,0
20.55,86.55,10.064357,0
20.65,86.55,10.498303,0
20.75,86.55,11.588888,0
20.85,86.55,14.436704,0
20.95,86.55,12.592852,0
21.05,86.55,15.447275,0
21.15,86.55,15.332682,0
21.25,86.55,14.071403,0
21.35,86.55,13.568929,0
21.45,86.55,12.55812,0
21.55,86.55,10.053017,0
21.65,86.55,10.147624,0
21.75,86.55,7.206674,0
21.85,86.55,3.4421709,0
21.95,86.55,3.3759112,0
22.05,86.55,2.6714885,0
22.15,86.55,2.581028,0
22.25,86.55,2.1211753,0
22.35,86.55,1.1757258,0
22.45,86.55,0.94834715,0
22.55,86.55,0.95245785,0
22.65,86.55,0.4173,0
22.75,86.55,0.09576826,0
17.55,86.65,0.0,0
17.65,86.65,0.0,0
17.75,86.65,0.0,0
17.85,86.65,0.0,0
17.95,86.65,0.0,0
18.05,86.65,0.0,0
18.15,86.65,1.1219356,0
18.25,86.65,1.42619,0
18.35,86.65,1.671079,0
18.45,86.65,1.1297904,0
18.55,86.65,1.0629823,0
18.65,86.65,0.0,0
18.75,86.65,0.0,0
18.85,86.65,0.60602665,0
18.95,86.65,0.94288474,0
19.05,86.65,0.9413052,0
19.15,86.65,0.86676246,0
19.25,86.65,0.0,0
19.35,86.65,0.0,0
19.45,86.65,1.0199758,0
19.55,86.65,2.3674264,0
19.65,86.65,2.4931643,0
19.75,86.65,0.0,0
19.85,86.65,0.0,0
19.95,86.65,1.628769,0
20.05,86.65,1.6811804,0
20.15,86.65,2.0378757,0
20.25,86.65,5.7445292,0
20.35,86.65,6.599107,0
20.45,86.65,7.685421,0
20.55,86.65,9.692638,0
20.65,86.65,11.028493,0
20.75,86.65,12.595812,0
20.85,86.65,13.063928,0
20.95,86.65,13.313435,0
21.05,86.65,13.678405,0
21.15,86.65,12.532421,0
21.25,86.65,11.2424135,0
21.35,86.65,11.121287,0
21.45,86.65,11.110912,0
21.55,86.65,9.971428,0
21.65,86.65,9.127885,0
21.75,86.65,7.157235,0
21.85,86.65,2.965832,0
21.95,86.65,2.8485074,0
22.05,86.65,0.0,0
22.15,86.65,2.094802,0
22.25,86.65,1.8530312,0
22.35,86.65,0.60087216,0
22.45,86.65,0.0,0
22.55,86.65,0.53306335,0
22.65,86.65,0.18812996,0
22.75,86.65,0.054658268,0
17.55,86.75,0.0,0
17.65,86.75,0.0,0
17.75,86.75,0.0,0
17.85,86.75,0.0,0
17.95,86.75,0.0,0
18.05,86.75,0.0,0
18.15,86.75,0.0,0
18.25,86.75,0.0,0
18.35,86.75,0.0,0
18.45,86.75,0.0,0
18.55,86.75,0.0,0
18.65,86.75,0.0,0
18.75,86.75,0.0,0
18.85,86.75,0.93369156,0
18.95,86.75,0.9104015,0
19.05,86.75,0.8914818,0
19.15,86.75,0.95470554,0
19.25,86.75,0.0,0
19.35,86.75,0.0,0
19.45,86.75,0.8001205,0
19.55,86.75,0.85998744,0
19.65,86.75,1.1117282,0
19.75,86.75,1.2564232,0
19.85,86.75,1.3175066,0
19.95,86.75,1.4420327,0
20.05,86.75,1.6479281,0
20.15,86.75,2.0053055,0
20.25,86.75,2.397104,0
20.35,86.75,6.2710533,0
20.45,86.75,7.325426,0
20.55,86.75,9.37338,0
20.65,86.75,10.393183,0
20.75,86.75,12.582759,0
20.85,86.75,12.938506,0
20.95,86.75,13.281616,0
21.05,86.75,13.523486,0
21.15,86.75,11.94652,0
21.25,86.75,10.972823,0
21.35,86.75,9.681135,0
21.45,86.75,10.124479,0
21.55,86.75,9.310022,0
21.65,86.75,8.321492,0
21.75,86.75,2.8683183,0
21.85,86.75,2.1788135,0
21.95,86.75,1.8905205,0
22.05,86.75,1.6028141,0
22.15,86.75,0.9508764,0
22.25,86.75,0.0,0
22.35,86.75,0.0,0
22.45,86.75,0.0,0
22.55,86.75,0.19735433,0
22.65,86.75,0.079409145,0
22.75,86.75,0.037052434,0
17.55,86.85,0.0,0
17.65,86.85,0.0,0
17.75,86.85,0.0,0
17.85,86.85,0.0,0
17.95,86.85,0.0,0
18.05,86.85,0.0,0
18.15,86.85,0.0,0
18.25,86.85,0.0,0
18.35,86.85,0.0,0
18.45,86.85,0.0,0
18.55,86.85,0.0,0
18.65,86.85,0.0,0
18.75,86.85,0.0,0
18.85,86.85,0.0,0
18.95,86.85,1.0180743,0
19.05,86.85,0.9793819,0
19.15,86.85,0.9819796,0
19.25,86.85,0.0,0
19.35,86.85,1.0414646,0
19.45,86.85,0.986924,0
19.55,86.85,0.83098835,0
19.65,86.85,0.85711354,0
19.75,86.85,0.9470089,0
19.85,86.85,1.0535084,0
19.95,86.85,1.2526703,0
20.05,86.85,1.380846,0
20.15,86.85,1.7203872,0
20.25,86.85,2.2809043,0
20.35,86.85,2.5281904,0
20.45,86.85,2.9355068,0
20.55,86.85,7.753731,0
20.65,86.85,9.475205,0
20.75,86.85,10.339618,0
20.85,86.85,10.579709,0
20.95,86.85,10.872103,0
21.05,86.85,11.698995,0
21.15,86.85,11.747594,0
21.25,86.85,10.747391,0
21.35,86.85,9.433029,0
21.45,86.85,9.814437,0
21.55,86.85,9.1752,0
21.65,86.85,7.8315396,0
21.75,86.85,2.4937181,0
21.85,86.85,1.039616,0
21.95,86.85,1.0227121,0
22.05,86.85,0.0,0
22.15,86.85,0.0,0
22.25,86.85,0.0,0
22.35,86.85,0.0,0
22.45,86.85,0.0,0
22.55,86.85,0.14614339,0
22.65,86.85,0.043079093,0
22.75,86.85,0.027615242,0
17.55,86.95,0.0,0
17.65,86.95,0.0,0
17.75,86.95,0.0,0
17.85,86.95,0.0,0
17.95,86.95,0.0,0
18.05,86.95,0.0,0
18.15,86.95,0.0,0
18.25,86.95,0.0,0
18.35,86.95,0.0,0
18.45,86.95,0.0,0
18.55,86.95,0.0,0
18.65,86.95,0.0,0
18.75,86.95,0.0,0
18.85,86.95,0.0,0
18.95,86.95,0.8247976,0
19.05,86.95,0.8400649,0
19.15,86.95,1.0247076,0
19.25,86.95,1.0035099,0
19.35,86.95,1.1753389,0
19.45,86.95,0.0,0
19.55,86.95,0.88430667,0
19.65,86.95,0.78495014,0
19.75,86.95,0.7639366,0
19.85,86.95,0.74701923,0
19.95,86.95,0.9083422,0
20.05,86.95,0.8221941,0
20.15,86.95,1.179534,0
20.25,86.95,2.3189583,0
20.35,86.95,2.4277012,0
20.45,86.95,2.4947963,0
20.55,86.95,3.3889709,0
20.65,86.95,4.7751856,0
20.75,86.95,3.922299,0
20.85,86.95,4.3852954,0
20.95,86.95,4.555904,0
21.05,86.95,9.681915,0
21.15,86.95,9.539811,0
21.25,86.95,9.552991,0
21.35,86.95,8.473982,0
21.45,86.95,9.554021,0
21.55,86.95,8.790195,0
21.65,86.95,6.8796844,0
21.75,86.95,1.7868228,0
21.85,86.95,0.9168006,0
21.95,86.95,0.6350595,0
22.05,86.95,0.0,0
22.15,86.95,0.0,0
22.25,86.95,0.046813533,0
22.35,86.95,0.0,0
22.45,86.95,0.0,0
22.55,86.95,0.08175916,0
22.65,86.95,0.0,0
22.75,86.95,0.0,0
17.55,87.05,0.0,0
17.65,87.05,0.0,0
17.75,87.05,0.0,0
17.85,87.05,0.0,0
17.95,87.05,0.0,0
18.05,87.05,0.0,0
18.15,87.05,0.0,0
18.25,87.05,0.0,0
18.35,87.05,0.0,0
18.45,87.05,0.0,0
18.55,87.05,0.0,0
18.65,87.05,0.0,0
18.75,87.05,0.0,0
18.85,87.05,0.0,0
18.95,87.05,0.8103004,0
19.05,87.05,0.765971,0
19.15,87.05,0.8370523,0
19.25,87.05,0.9746212,0
19.35,87.05,1.1826739,0
19.45,87.05,0.0,0
19.55,87.05,1.0871208,0
19.65,87.05,0.77265745,0
19.75,87.05,0.7801084,0
19.85,87.05,0.80645454,0
19.95,87.05,0.92351556,0
20.05,87.05,0.68135166,0
20.15,87.05,0.73500204,0
20.25,87.05,1.7934217,0
20.35,87.05,2.2169304,0
20.45,87.05,2.0746913,0
20.55,87.05,2.1742673,0
20.65,87.05,3.0379562,0
20.75,87.05,3.348152,0
20.85,87.05,3.5074444,0
20.95,87.05,3.3987079,0
21.05,87.05,3.121274,0
21.15,87.05,3.0632114,0
21.25,87.05,2.470867,0
21.35,87.05,2.552428,0
21.45,87.05,7.1548395,0
21.55,87.05,6.6723213,0
21.65,87.05,3.452022,0
21.75,87.05,1.3799059,0
21.85,87.05,1.2344385,0
21.95,87.05,0.78011715,0
22.05,87.05,0.13334094,0
22.15,87.05,0.056423753,0
22.25,87.05,0.02785462,0
22.35,87.05,0.08490832,0
22.45,87.05,0.0,0
22.55,87.05,0.0,0
22.65,87.05,0.0,0
22.75,87.05,0.0,0
17.55,87.15,0.0,0
17.65,87.15,0.0,0
17.75,87.15,0.0,0
17.85,87.15,0.0,0
17.95,87.15,0.0,0
18.05,87.15,0.0,0
18.15,87.15,0.0,0
18.25,87.15,0.0,0
18.35,87.15,0.0,0
18.45,87.15,0.0,0
18.55,87.15,0.0,0
18.65,87.15,0.0,0
18.75,87.15,0.0,0
18.85,87.15,0.0,0
18.95,87.15,0.0,0
19.05,87.15,0.845114,0
19.15,87.15,0.6398502,0
19.25,87.15,0.56652606,0
19.35,87.15,0.0,0
19.45,87.15,0.0,0
19.55,87.15,0.0,0
19.65,87.15,0.86635244,0
19.75,87.15,0.91600174,0
19.85,87.15,0.9467332,0
19.95,87.15,1.0343461,0
20.05,87.15,1.0092281,0
20.15,87.15,0.7767298,0
20.25,87.15,0.9260063,0
20.35,87.15,1.5437979,0
20.45,87.15,1.781296,0
20.55,87.15,1.6877528,0
20.65,87.15,1.8068837,0
20.75,87.15,2.2718294,0
20.85,87.15,2.483936,0
20.95,87.15,2.393861,0
21.05,87.15,2.5813906,0
21.15,87.15,2.6001377,0
21.25,87.15,1.9628515,0
21.35,87.15,1.7143354,0
21.45,87.15,1.4353114,0
21.55,87.15,1.0702673,0
21.65,87.15,0.0,0
21.75,87.15,1.3153871,0
21.85,87.15,0.9412856,0
21.95,87.15,0.43487206,0
22.05,87.15,0.08988459,0
22.15,87.15,0.028455231,0
22.25,87.15,0.04481184,0
22.35,87.15,0.0,0
22.45,87.15,0.0,0
22.55,87.15,0.0,0
22.65,87.15,0.0,0
22.75,87.15,0.0,0
17.55,87.25,0.0,0
17.65,87.25,0.0,0
17.75,87.25,0.0,0
17.85,87.25,0.0,0
17.95,87.25,0.0,0
18.05,87.25,0.0,0
18.15,87.25,0.0,0
18.25,87.25,0.0,0
18.35,87.25,0.0,0
18.45,87.25,0.0,0
18.55,87.25,0.0,0
18.65,87.25,0.0,0
18.75,87.25,0.0,0
18.85,87.25,0.0,0
18.95,87.25,0.0,0
19.05,87.25,1.0267934,0
19.15,87.25,0.887406,0
19.25,87.25,0.6242058,0
19.35,87.25,0.43486348,0
19.45,87.25,0.0,0
19.55,87.25,0.0,0
19.65,87.25,0.63107973,0
19.75,87.25,0.671953,0
19.85,87.25,0.6969282,0
19.95,87.25,0.8438035,0
20.05,87.25,0.93195695,0
20.15,87.25,0.92915773,0
20.25,87.25,0.76636904,0
20.35,87.25,0.95856524,0
20.45,87.25,1.1091653,0
20.55,87.25,1.0238167,0
20.65,87.25,0.7664287,0
20.75,87.25,0.7013286,0
20.85,87.25,1.1123142,0
20.95,87.25,1.1741167,0
21.05,87.25,1.3950548,0
21.15,87.25,1.1378969,0
21.25,87.25,0.7986082,0
21.35,87.25,0.8820787,0
21.45,87.25,0.70874655,0
21.55,87.25,0.5421868,0
21.65,87.25,0.0,0
21.75,87.25,0.0,0
21.85,87.25,0.0,0
21.95,87.25,0.14506888,0
22.05,87.25,0.062143054,0
22.15,87.25,0.07118153,0
22.25,87.25,0.236992,0
22.35,87.25,0.1692512,0
22.45,87.25,0.039645176,0
22.55,87.25,0.0,0
22.65,87.25,0.0,0
22.75,87.25,0.0,0
17.55,87.35,0.0,0
17.65,87.35,0.0,0
17.75,87.35,0.0,0
17.85,87.35,0.0,0
17.95,87.35,0.0,0
18.05,87.35,0.0,0
18.15,87.35,0.0,0
18.25,87.35,0.0,0
18.35,87.35,0.0,0
18.45,87.35,0.0,0
18.55,87.35,0.0,0
18.65,87.35,0.0,0
18.75,87.35,0.0,0
18.85,87.35,0.0,0
18.95,87.35,0.0,0
19.05,87.35,0.0,0
19.15,87.35,0.0,0
19.25,87.35,0.9224246,0
19.35,87.35,0.0,0
19.45,87.35,0.0,0
19.55,87.35,0.0,0
19.65,87.35,0.0,0
19.75,87.35,0.91202456,0
19.85,87.35,0.7856132,0
19.95,87.35,0.6454752,0
20.05,87.35,0.64989126,0
20.15,87.35,0.7328038,0
20.25,87.35,0.7803034,0
20.35,87.35,0.7325382,0
20.45,87.35,0.71776503,0
20.55,87.35,0.6565025,0
20.65,87.35,0.5632172,0
20.75,87.35,0.48344585,0
20.85,87.35,0.4909515,0
20.95,87.35,0.42298213,0
21.05,87.35,0.4959077,0
21.15,87.35,0.32512182,0
21.25,87.35,0.13101253,0
21.35,87.35,0.21493535,0
21.45,87.35,0.29250833,0
21.55,87.35,0.10750525,0
21.65,87.35,0.0,0
21.75,87.35,0.0,0
21.85,87.35,0.0,0
21.95,87.35,0.0,0
22.05,87.35,0.077759214,0
22.15,87.35,0.10714231,0
22.25,87.35,0.1560599,0
22.35,87.35,0.06063282,0
22.45,87.35,0.025803737,0
22.55,87.35,0.02115829,0
22.65,87.35,0.0,0
22.75,87.35,0.0,0
17.55,87.45,0.0,0
17.65,87.45,0.0,0
17.75,87.45,0.0,0
17.85,87.45,0.0,0
17.95,87.45,0.0,0
18.05,87.45,0.0,0
18.15,87.45,0.0,0
18.25,87.45,0.0,0
18.35,87.45,0.0,0
18.45,87.45,0.0,0
18.55,87.45,0.0,0
18.65,87.45,0.0,0
18.75,87.45,0.0,0
18.85,87.45,0.0,0
18.95,87.45,0.0,0
19.05,87.45,0.0,0
19.15,87.45,0.0,0
19.25,87.45,0.0,0
19.35,87.45,0.0,0
19.45,87.45,0.0,0
19.55,87.45,0.0,0
19.65,87.45,0.0,0
19.75,87.45,1.120914,0
19.85,87.45,1.2572457,0
19.95,87.45,1.0690542,0
20.05,87.45,1.0392908,0
20.15,87.45,0.61005896,0
20.25,87.45,0.62263584,0
20.35,87.45,0.5224872,0
20.45,87.45,0.5599152,0
20.55,87.45,0.54846907,0
20.65,87.45,0.48803046,0
20.75,87.45,0.4767838,0
20.85,87.45,0.4570829,0
20.95,87.45,0.3644532,0
21.05,87.45,0.16769187,0
21.15,87.45,0.15128411,0
21.25,87.45,0.11222325,0
21.35,87.45,0.07673193,0
21.45,87.45,0.06527985,0
21.55,87.45,0.0,0
21.65,87.45,0.09955191,0
21.75,87.45,0.0,0
21.85,87.45,0.0,0
21.95,87.45,0.0,0
22.05,87.45,0.06630652,0
22.15,87.45,0.08190626,0
22.25,87.45,0.06632245,0
22.35,87.45,0.0,0
22.45,87.45,0.0,0
22.55,87.45,0.01596293,0
22.65,87.45,0.0,0
22.75,87.45,0.0,0
